<?xml version="1.0" encoding="UTF-8" standalone="no"?>
<!DOCTYPE properties SYSTEM "http://java.sun.com/dtd/properties.dtd">
<properties>
<comment/>
<entry key="TransmissionType"/>
<entry key="Inertia">100.0 m^2 kg</entry>
<entry key="PowerBreakOff">0.0 W</entry>
<entry key="StructureMass">100.0 kg</entry>
<entry key="MotorType">Motor_MoriSeiki_DDM5000-50</entry>
<entry key="BearingType"/>
<entry key="PowerBreakOn">0.0 W</entry>
<entry key="Lever">0.01 m</entry>
<entry key="StructureDuct">StructureDuct</entry>
<entry key="StructureMaterial">Steel</entry>
<entry key="Mass">275.0 kg</entry>
</properties>
