<?xml version="1.0" encoding="UTF-8" standalone="no"?>
<!DOCTYPE properties SYSTEM "http://java.sun.com/dtd/properties.dtd">
<properties>
<comment/>
<entry key="TransmissionType"/>
<entry key="Inertia">23.53 m^2 kg</entry>
<entry key="PowerBreakOff">0.0 W</entry>
<entry key="StructureMass">4.3 kg</entry>
<entry key="MotorType">MotorDC_FanucAlphaiF2_5000</entry>
<entry key="BearingType"/>
<entry key="StructureDuct">StructureDuct</entry>
<entry key="Lever">0.0 m</entry>
<entry key="PowerBreakOn">0.0 W</entry>
<entry key="StructureMaterial">Steel</entry>
<entry key="Mass">4.3 kg</entry>
</properties>
