<?xml version="1.0" encoding="UTF-8" standalone="no"?>
<!DOCTYPE properties SYSTEM "http://java.sun.com/dtd/properties.dtd">
<properties>
<comment/>
<entry key="StructureMaterial">Steel</entry>
<entry key="BearingType">SKF-7009,SKF-7009,SKF-7009</entry>
<entry key="StructureMass">26</entry>
<entry key="StructureDuct">StructureDuct</entry>
<entry key="PreloadForce">944,344,600</entry>
<entry key="MotorType">MotorAC_E+A-10.6-10-4-239d-249dr12g</entry>
<entry key="AirGapFrictionCoeff">1.8, 8.336e-9</entry>
</properties>
