<?xml version="1.0" encoding="UTF-8" standalone="no"?>
<!DOCTYPE properties SYSTEM "http://java.sun.com/dtd/properties.dtd">
<properties>
<comment/>
<entry key="CoolantVolume">.005</entry>
<entry key="AirGapFrictionCoeff">0,0</entry>
<entry key="PreloadForce">944,344,600</entry>
<entry key="StructureMass">30</entry>
<entry key="MotorType">MotorAC_Example</entry>
<entry key="BearingType">Example,Example,Example</entry>
<entry key="StructureDuct">StructureDuct</entry>
<entry key="PressureLossCoefficient">1.68E13</entry>
<entry key="CoolantHTC">162</entry>
<entry key="StructureMaterial">Steel</entry>
</properties>
