<?xml version="1.0" encoding="UTF-8" standalone="no"?>
<!DOCTYPE properties SYSTEM "http://java.sun.com/dtd/properties.dtd">
<properties>
<comment/>
<entry key="PressureLossCoefficient2">2.5E11 s²Pa/m⁶</entry>
<entry key="Power">800.0 W</entry>
<entry key="PressureLossCoefficient1">6.2E11 s²Pa/m⁶</entry>
<entry key="TemperatureHigh">294.0 K</entry>
<entry key="Volume2">0.005 m³</entry>
<entry key="Volume1">0.005 m³</entry>
<entry key="TemperatureLow">293.0 K</entry>
<entry key="HeatTransferCoefficient">1600.0 m^2 kg s^-3 K^-1</entry>
</properties>
