<?xml version="1.0" encoding="UTF-8" standalone="no"?>
<!DOCTYPE properties SYSTEM "http://java.sun.com/dtd/properties.dtd">
<properties>
  <comment>
    Ambient pressure
	- Example file
  </comment>
  <entry key="samplePeriod">1</entry>
  <entry key="ON">1</entry>
  <entry key="OFF">0</entry>
  <entry key="READY">0</entry>
  <entry key="STANDBY">0</entry>
  <entry key="CONTROLLED">1</entry>
  <entry key="PERIODIC">0</entry>
  <entry key="ON_state">ON</entry>
  <entry key="OFF_state">OFF</entry>
  <entry key="STANDBY_state">STANDBY</entry>
  <entry key="READY_state">READY</entry>
  <entry key="PROCESS_state">CONTROLLED</entry>
</properties>
