<?xml version="1.0" encoding="UTF-8" standalone="no"?>
<!DOCTYPE properties SYSTEM "http://java.sun.com/dtd/properties.dtd">
<properties>
<comment/>
<entry key="IsSubmerged">0</entry>
<entry key="NominalRotSpeed">1500.0 RPM</entry>
<entry key="DiameterMotor">0.2 m</entry>
<entry key="DiameterPump">0.1 m</entry>
<entry key="FlowRateSamples">2.09E-4, 2.22E-4, 2.37E-4, 2.53E-4, 2.72E-4, 2.94E-4, 3.16E-4, 3.46E-4, 3.83E-4, 4.19E-4 m³/s</entry>
<entry key="LengthPump">0.1 m</entry>
<entry key="MaxTemperatureDifference">25.0</entry>
<entry key="PowerSamples">800.0, 1400.0, 2000.0, 2600.0, 3300.0, 3900.0, 4500.0, 5100.0, 5700.0, 6400.0 W</entry>
<entry key="EfficiencySamples">0.0, 0.2, 0.3, 0.35, 0.4, 0.42, 0.4, 0.35, 0.3, 0.2 none</entry>
<entry key="NumberImpellerEyes">1</entry>
<entry key="LengthMotor">0.2 m</entry>
<entry key="HasMotorCooling">1</entry>
<entry key="NumberStages">1</entry>
<entry key="MassMotor">15.0 kg</entry>
<entry key="PressureSamples">1.0E7, 9000000.0, 8000000.0, 7000000.0, 6000000.0, 5000000.0, 4000000.0, 3000000.0, 2000000.0, 1000000.0 Pa</entry>
<entry key="MassFluid">3.0 kg</entry>
</properties>
