<?xml version="1.0" encoding="UTF-8" standalone="yes"?>
<ns2:machine xmlns:ns2="ch.ethz.inspire.emod">
    <machine>
        <machineComponent>
            <position>
                <x>688.131578947369</x>
                <y>157.463815789473</y>
                <r>0.0</r>
                <rotate>0.0</rotate>
            </position>
            <component xsi:type="spindle" xmlns:xsi="http://www.w3.org/2001/XMLSchema-instance">
                <type>Kessler_000101561</type>
            </component>
            <name>Spindle</name>
        </machineComponent>
        <machineComponent>
            <position>
                <x>695.8750000000007</x>
                <y>362.18749999999966</y>
                <r>0.0</r>
                <rotate>0.0</rotate>
            </position>
            <component xsi:type="linAxis" xmlns:xsi="http://www.w3.org/2001/XMLSchema-instance">
                <type>Schaublin42L_X1</type>
            </component>
            <name>XAxis</name>
        </machineComponent>
        <machineComponent>
            <position>
                <x>697.5550373134332</x>
                <y>520.3124999999994</y>
                <r>0.0</r>
                <rotate>0.0</rotate>
            </position>
            <component xsi:type="linAxis" xmlns:xsi="http://www.w3.org/2001/XMLSchema-instance">
                <type>Schaublin42L_Z1</type>
            </component>
            <name>ZAxis</name>
        </machineComponent>
        <machineComponent>
            <position>
                <x>705.6875000000005</x>
                <y>682.2499999999998</y>
                <r>0.0</r>
                <rotate>0.0</rotate>
            </position>
            <component xsi:type="linAxis" xmlns:xsi="http://www.w3.org/2001/XMLSchema-instance">
                <type>Schaublin42L_Tailstock</type>
            </component>
            <name>Tailstock</name>
        </machineComponent>
        <machineComponent>
            <position>
                <x>840.5980047516014</x>
                <y>-269.5107368651529</y>
                <r>0.0</r>
                <rotate>0.0</rotate>
            </position>
            <component xsi:type="cooler" xmlns:xsi="http://www.w3.org/2001/XMLSchema-instance">
                <type>Hyfra_VWK_21_1S</type>
            </component>
            <name>Cooler</name>
        </machineComponent>
        <machineComponent>
            <position>
                <x>812.7569629564608</x>
                <y>-103.30700380748439</y>
                <r>0.5</r>
                <rotate>0.5</rotate>
            </position>
            <component xsi:type="tank" xmlns:xsi="http://www.w3.org/2001/XMLSchema-instance">
                <type>Hyfra_VWK_21_1S</type>
            </component>
            <name>TankCoolant</name>
        </machineComponent>
        <machineComponent>
            <position>
                <x>390.5313095204497</x>
                <y>-119.92842521064506</y>
                <r>0.5</r>
                <rotate>0.5</rotate>
            </position>
            <component xsi:type="pump" xmlns:xsi="http://www.w3.org/2001/XMLSchema-instance">
                <type>Hyfra_VWK_21_1S</type>
            </component>
            <name>PumpCoolant</name>
        </machineComponent>
        <machineComponent>
            <position>
                <x>1110.8675373134383</x>
                <y>138.78264925373108</y>
                <r>0.0</r>
                <rotate>0.0</rotate>
            </position>
            <component xsi:type="amplifier" xmlns:xsi="http://www.w3.org/2001/XMLSchema-instance">
                <type>FanucSPM-26</type>
            </component>
            <name>AmplifierSpindle</name>
        </machineComponent>
        <machineComponent>
            <position>
                <x>1113.9225746268705</x>
                <y>381.18003731343407</y>
                <r>0.0</r>
                <rotate>0.0</rotate>
            </position>
            <component xsi:type="amplifier" xmlns:xsi="http://www.w3.org/2001/XMLSchema-instance">
                <type>FanucSVM2-20-20</type>
            </component>
            <name>AmplifierAxes</name>
        </machineComponent>
        <machineComponent>
            <position>
                <x>1118.39508581141</x>
                <y>674.6556437753536</y>
                <r>0.0</r>
                <rotate>0.0</rotate>
            </position>
            <component xsi:type="amplifier" xmlns:xsi="http://www.w3.org/2001/XMLSchema-instance">
                <type>FanucSVU1-80</type>
            </component>
            <name>AmplifierTailstock</name>
        </machineComponent>
        <machineComponent>
            <position>
                <x>1124.1797593425993</x>
                <y>862.9303340833535</y>
                <r>0.0</r>
                <rotate>0.0</rotate>
            </position>
            <component xsi:type="amplifier" xmlns:xsi="http://www.w3.org/2001/XMLSchema-instance">
                <type>FanucSVM1-80</type>
            </component>
            <name>AmplifierRevolver</name>
        </machineComponent>
        <machineComponent>
            <position>
                <x>1728.1411776343725</x>
                <y>-232.2608082679823</y>
                <r>0.0</r>
                <rotate>0.0</rotate>
            </position>
            <component xsi:type="compressedFluid" xmlns:xsi="http://www.w3.org/2001/XMLSchema-instance">
                <type>Air6bar</type>
            </component>
            <name>CompressedAir</name>
        </machineComponent>
        <machineComponent>
            <position>
                <x>243.2522867344954</x>
                <y>881.9277538642181</y>
                <r>0.0</r>
                <rotate>0.0</rotate>
            </position>
            <component xsi:type="revolver" xmlns:xsi="http://www.w3.org/2001/XMLSchema-instance">
                <type>Schaublin42L</type>
            </component>
            <name>Revolver</name>
        </machineComponent>
        <machineComponent>
            <position>
                <x>710.9375000000027</x>
                <y>870.312500000004</y>
                <r>0.0</r>
                <rotate>0.0</rotate>
            </position>
            <component xsi:type="motorDC" xmlns:xsi="http://www.w3.org/2001/XMLSchema-instance">
                <type>FanucAlphaM9_3000</type>
            </component>
            <name>BAxis</name>
        </machineComponent>
        <machineComponent>
            <position>
                <x>1940.0475459876907</x>
                <y>833.8397119066715</y>
                <r>0.0</r>
                <rotate>0.0</rotate>
            </position>
            <component xsi:type="fan" xmlns:xsi="http://www.w3.org/2001/XMLSchema-instance">
                <type>Pfannenberg_PF_3000</type>
            </component>
            <name>Fan2</name>
        </machineComponent>
        <machineComponent>
            <position>
                <x>1941.400157927989</x>
                <y>658.863032802194</y>
                <r>0.0</r>
                <rotate>0.0</rotate>
            </position>
            <component xsi:type="fan" xmlns:xsi="http://www.w3.org/2001/XMLSchema-instance">
                <type>Pfannenberg_PF_3000</type>
            </component>
            <name>Fan1</name>
        </machineComponent>
        <machineComponent>
            <position>
                <x>1971.2372130582169</x>
                <y>503.4944119534987</y>
                <r>0.0</r>
                <rotate>0.0</rotate>
            </position>
            <component xsi:type="constantComponent" xmlns:xsi="http://www.w3.org/2001/XMLSchema-instance">
                <type>Bonfigioli_BN804A</type>
            </component>
            <name>ChipConveyor</name>
        </machineComponent>
        <machineComponent>
            <position>
                <x>1964.6853977317196</x>
                <y>57.4912128419959</y>
                <r>0.0</r>
                <rotate>0.0</rotate>
            </position>
            <component xsi:type="pump" xmlns:xsi="http://www.w3.org/2001/XMLSchema-instance">
                <type>SpandauVogel_PV80_180</type>
            </component>
            <name>PumpCF</name>
        </machineComponent>
        <machineComponent>
            <position>
                <x>1554.718550023935</x>
                <y>76.60695887801417</y>
                <r>0.0</r>
                <rotate>0.0</rotate>
            </position>
            <component xsi:type="tank" xmlns:xsi="http://www.w3.org/2001/XMLSchema-instance">
                <type>Schaublin42L</type>
            </component>
            <name>TankCF</name>
        </machineComponent>
        <machineComponent>
            <position>
                <x>1755.2269861774046</x>
                <y>307.9782962141018</y>
                <r>0.5</r>
                <rotate>0.5</rotate>
            </position>
            <component xsi:type="valve" xmlns:xsi="http://www.w3.org/2001/XMLSchema-instance">
                <type>SchaulbinCFNozzle</type>
            </component>
            <name>Valve</name>
        </machineComponent>
    </machine>
    <simulators>
        <simController xsi:type="staticSimulationControl" xmlns:xsi="http://www.w3.org/2001/XMLSchema-instance">
            <name>FanCtrl</name>
            <unit>
                <unitText>none</unitText>
            </unit>
            <position>
                <x>1692.752769868288</x>
                <y>762.9208686230895</y>
                <r>0.0</r>
                <rotate>0.0</rotate>
            </position>
        </simController>
        <simController xsi:type="processSimulationControl" xmlns:xsi="http://www.w3.org/2001/XMLSchema-instance">
            <name>ChipConv</name>
            <unit>
                <unitText>none</unitText>
            </unit>
            <position>
                <x>1612.823011353306</x>
                <y>502.91736483865327</y>
                <r>0.0</r>
                <rotate>0.0</rotate>
            </position>
        </simController>
        <simController xsi:type="constantSimulationControl" xmlns:xsi="http://www.w3.org/2001/XMLSchema-instance">
            <name>AmbPressure</name>
            <unit>
                <unitText>Pa</unitText>
            </unit>
            <position>
                <x>1386.8793144703009</x>
                <y>-395.50883709775854</y>
                <r>0.25</r>
                <rotate>0.25</rotate>
            </position>
        </simController>
        <simController xsi:type="constantSimulationControl" xmlns:xsi="http://www.w3.org/2001/XMLSchema-instance">
            <name>AmbTemperature</name>
            <unit>
                <unitText>K</unitText>
            </unit>
            <position>
                <x>1294.4437313815458</x>
                <y>-386.675462071212</y>
                <r>0.25</r>
                <rotate>0.25</rotate>
            </position>
        </simController>
        <simController xsi:type="staticSimulationControl" xmlns:xsi="http://www.w3.org/2001/XMLSchema-instance">
            <name>FanucCtrl</name>
            <unit>
                <unitText>none</unitText>
            </unit>
            <position>
                <x>1024.8405172413784</x>
                <y>1121.9353448275835</y>
                <r>0.75</r>
                <rotate>0.75</rotate>
            </position>
        </simController>
        <simController xsi:type="staticSimulationControl" xmlns:xsi="http://www.w3.org/2001/XMLSchema-instance">
            <name>AxisCtrl</name>
            <unit>
                <unitText>none</unitText>
            </unit>
            <position>
                <x>530.1185344827566</x>
                <y>1108.7866379310315</y>
                <r>0.75</r>
                <rotate>0.75</rotate>
            </position>
        </simController>
        <simController xsi:type="processSimulationControl" xmlns:xsi="http://www.w3.org/2001/XMLSchema-instance">
            <name>FClamp</name>
            <unit>
                <unitText>N</unitText>
            </unit>
            <position>
                <x>269.71318493150574</x>
                <y>787.3715753424643</y>
                <r>0.0</r>
                <rotate>0.0</rotate>
            </position>
        </simController>
        <simController xsi:type="processSimulationControl" xmlns:xsi="http://www.w3.org/2001/XMLSchema-instance">
            <name>Z1_v</name>
            <unit>
                <unitText>m/s</unitText>
            </unit>
            <position>
                <x>273.43749999999926</x>
                <y>556.249999999999</y>
                <r>0.0</r>
                <rotate>0.0</rotate>
            </position>
        </simController>
        <simController xsi:type="processSimulationControl" xmlns:xsi="http://www.w3.org/2001/XMLSchema-instance">
            <name>X1_v</name>
            <unit>
                <unitText>m/s</unitText>
            </unit>
            <position>
                <x>279.33768656716336</x>
                <y>348.83395522388014</y>
                <r>0.0</r>
                <rotate>0.0</rotate>
            </position>
        </simController>
        <simController xsi:type="processSimulationControl" xmlns:xsi="http://www.w3.org/2001/XMLSchema-instance">
            <name>X1_ap</name>
            <unit>
                <unitText>m</unitText>
            </unit>
            <position>
                <x>19.02985074626822</x>
                <y>684.8647388059679</y>
                <r>0.0</r>
                <rotate>0.0</rotate>
            </position>
        </simController>
        <simController xsi:type="processSimulationControl" xmlns:xsi="http://www.w3.org/2001/XMLSchema-instance">
            <name>X1_d</name>
            <unit>
                <unitText>m</unitText>
            </unit>
            <position>
                <x>19.029850746268192</x>
                <y>770.8022388059677</y>
                <r>0.0</r>
                <rotate>0.0</rotate>
            </position>
        </simController>
        <simController xsi:type="processSimulationControl" xmlns:xsi="http://www.w3.org/2001/XMLSchema-instance">
            <name>C1_n</name>
            <unit>
                <unitText>Hz</unitText>
            </unit>
            <position>
                <x>282.81249999999926</x>
                <y>160.93749999999955</y>
                <r>0.0</r>
                <rotate>0.0</rotate>
            </position>
        </simController>
        <simController xsi:type="staticSimulationControl" xmlns:xsi="http://www.w3.org/2001/XMLSchema-instance">
            <name>CoolerCtrl</name>
            <unit>
                <unitText>none</unitText>
            </unit>
            <position>
                <x>548.6274566439134</x>
                <y>-298.41714993480133</y>
                <r>0.0</r>
                <rotate>0.0</rotate>
            </position>
        </simController>
        <simController xsi:type="processSimulationControl" xmlns:xsi="http://www.w3.org/2001/XMLSchema-instance">
            <name>LubFlow</name>
            <unit>
                <unitText>none</unitText>
            </unit>
            <position>
                <x>1586.5268330846873</x>
                <y>-51.54440214134358</y>
                <r>0.0</r>
                <rotate>0.0</rotate>
            </position>
        </simController>
        <simController xsi:type="geometricKienzleSimulationControl" xmlns:xsi="http://www.w3.org/2001/XMLSchema-instance">
            <name>C1_Torque</name>
            <unit>
                <unitText>Nm</unitText>
            </unit>
            <position>
                <x>249.31506849315076</x>
                <y>243.8356164383562</y>
                <r>0.0</r>
                <rotate>0.0</rotate>
            </position>
        </simController>
        <simController xsi:type="geometricKienzleSimulationControl" xmlns:xsi="http://www.w3.org/2001/XMLSchema-instance">
            <name>X1_Force</name>
            <unit>
                <unitText>N</unitText>
            </unit>
            <position>
                <x>269.86301369863025</x>
                <y>446.5753424657535</y>
                <r>0.0</r>
                <rotate>0.0</rotate>
            </position>
        </simController>
        <simController xsi:type="geometricKienzleSimulationControl" xmlns:xsi="http://www.w3.org/2001/XMLSchema-instance">
            <name>Z1_Force</name>
            <unit>
                <unitText>N</unitText>
            </unit>
            <position>
                <x>265.0</x>
                <y>650.0</y>
                <r>0.0</r>
                <rotate>0.0</rotate>
            </position>
        </simController>
        <simController xsi:type="processSimulationControl" xmlns:xsi="http://www.w3.org/2001/XMLSchema-instance">
            <name>Tool</name>
            <unit>
                <unitText>none</unitText>
            </unit>
            <position>
                <x>21.518987341772235</x>
                <y>881.0126582278489</y>
                <r>0.0</r>
                <rotate>0.0</rotate>
            </position>
        </simController>
        <simController xsi:type="processSimulationControl" xmlns:xsi="http://www.w3.org/2001/XMLSchema-instance">
            <name>Zero</name>
            <unit>
                <unitText>m/s</unitText>
            </unit>
            <position>
                <x>271.2328767123289</x>
                <y>720.54794520548</y>
                <r>0.0</r>
                <rotate>0.0</rotate>
            </position>
        </simController>
        <simController xsi:type="constantSimulationControl" xmlns:xsi="http://www.w3.org/2001/XMLSchema-instance">
            <name>ValvePos</name>
            <unit>
                <unitText>none</unitText>
            </unit>
            <position>
                <x>2194.318181818182</x>
                <y>302.27272727272737</y>
                <r>0.5</r>
                <rotate>0.5</rotate>
            </position>
        </simController>
    </simulators>
    <connectionList/>
    <connectionList/>
    <connectionList/>
    <connectionList/>
    <connectionList/>
    <connectionList/>
    <connectionList/>
    <connectionList/>
    <connectionList/>
    <connectionList/>
    <connectionList/>
    <connectionList/>
    <connectionList/>
    <connectionList/>
    <connectionList/>
    <connectionList/>
    <connectionList/>
    <connectionList/>
    <connectionList/>
    <connectionList/>
    <connectionList/>
    <connectionList/>
    <connectionList/>
    <connectionList/>
    <connectionList/>
    <connectionList/>
    <connectionList/>
    <connectionList/>
    <connectionList/>
    <connectionList/>
    <connectionList/>
    <connectionList/>
    <connectionList/>
    <connectionList/>
    <connectionList/>
    <connectionList/>
    <connectionList/>
    <connectionList/>
    <connectionList/>
    <connectionList/>
    <connectionList/>
    <connectionList/>
    <connectionList/>
    <connectionList/>
    <connectionList/>
    <connectionList/>
    <connectionList/>
    <connectionList/>
</ns2:machine>
