<?xml version="1.0" encoding="UTF-8" standalone="no"?>
<!DOCTYPE properties SYSTEM "http://java.sun.com/dtd/properties.dtd">
<properties>
  <comment>
    Model parameter definition
    ==========================
      Model : Cylinder 
      Type  : NDM200
    Parameters
    ----------
      PistonThickness [m]
        TODO
      PistonDiameter [m]
        TODO
      CylinderStroke [m]
        TODO
      Hydraulic-mechanic efficiency
      	TODO
  </comment>
  <entry key="CylinderType">2</entry>
  <entry key="PistonDiameter">0.085</entry>
  <entry key="PistonThickness">0.01</entry>
  <entry key="CylinderStroke">0.032</entry>
  <entry key="Efficiency">0.95</entry>
  <entry key="PistonRodDiameter">0.025</entry>
  <entry key="StructuralMass">6.7</entry>
  <entry key="StructureMaterial">Steel</entry>
  <entry key="ConnectionDiameter">.02</entry>
</properties>
