<?xml version="1.0" encoding="UTF-8" standalone="no"?>
<!DOCTYPE properties SYSTEM "http://java.sun.com/dtd/properties.dtd">
<properties>
<comment/>
<entry key="TransmissionType"/>
<entry key="Transmission">1</entry>
<entry key="Inertia">23.53</entry>
<entry key="PowerBreakOff">22</entry>
<entry key="StructureMass">5.3</entry>
<entry key="MotorType">MotorDC_FanucAlphaiF2_5000</entry>
<entry key="PowerBreakOn">0.0</entry>
<entry key="Lever">0</entry>
<entry key="StructureDuct">StructureDuct</entry>
<entry key="StructureMaterial">Motor</entry>
<entry key="Mass">5.3</entry>
</properties>
