<?xml version="1.0" encoding="UTF-8" standalone="no"?>
<!DOCTYPE properties SYSTEM "http://java.sun.com/dtd/properties.dtd">
<properties>
<comment/>
<entry key="TransmissionType"/>
<entry key="Transmission">1</entry>
<entry key="Inertia">100</entry>
<entry key="PowerBreakOff">26</entry>
<entry key="StructureMass">100</entry>
<entry key="MotorType">MotorDC_FanucBeta8_3000iS_Brake</entry>
<entry key="Lever">0.01</entry>
<entry key="StructureDuct">StructureDuct</entry>
<entry key="PowerBreakOn">0.0</entry>
<entry key="StructureMaterial">Steel</entry>
<entry key="Mass">275</entry>
</properties>
