<?xml version="1.0" encoding="UTF-8" standalone="no"?>
<!DOCTYPE properties SYSTEM "http://java.sun.com/dtd/properties.dtd">
<properties>
<comment/>
<entry key="PowerBreakOn">0.0</entry>
<entry key="StructureMaterial">Steel</entry>
<entry key="PowerBreakOff">0.0</entry>
<entry key="Transmission">1</entry>
<entry key="StructureMass">100</entry>
<entry key="StructureDuct">StructureDuct</entry>
<entry key="MotorType">MotorDC_Example</entry>
<entry key="Inertia">1</entry>
<entry key="Lever">.1</entry>
<entry key="Mass">100</entry>
<entry key="BearingType">Example, Example</entry>
<entry key="TransmissionType">Example</entry>
</properties>
