<?xml version="1.0" encoding="UTF-8" standalone="no"?>
<!DOCTYPE properties SYSTEM "http://java.sun.com/dtd/properties.dtd">
<properties>
<comment/>
<entry key="NominalFlowRate">0.0004</entry>
<entry key="LengthPump">.1</entry>
<entry key="PressureSamples">750000 500000 0</entry>
<entry key="EfficiencySamples">0 0.5 0</entry>
<entry key="NominalPressure">500000</entry>
<entry key="NumberImpellerEyes">0</entry>
<entry key="HasMotorCooling">true</entry>
<entry key="PowerSamples">400 400 400</entry>
<entry key="NominalRotSpeed">1500</entry>
<entry key="Material">Steel</entry>
<entry key="MaxTemperatureDifference">25.0</entry>
<entry key="DiameterPump">.1</entry>
<entry key="MassMotor">15</entry>
<entry key="NumberStages">0</entry>
<entry key="MassFluid">3</entry>
<entry key="IsSubmerged">false</entry>
<entry key="FlowRateSamples">0 0.00039 0.0004</entry>
<entry key="LengthMotor">.2</entry>
<entry key="DiameterMotor">.2</entry>
</properties>
