<?xml version="1.0" encoding="UTF-8" standalone="yes"?>
<ns2:machine xmlns:ns2="ch.ethz.inspire.emod">
    <machine>
        <machineComponent>
            <component xsi:type="motor" xmlns:xsi="http://www.w3.org/2001/XMLSchema-instance">
                <type>Siemens_1FE1115-6WT11</type>
            </component>
            <name>C1</name>
        </machineComponent>
        <machineComponent>
            <component xsi:type="linAxis" xmlns:xsi="http://www.w3.org/2001/XMLSchema-instance">
                <type>Test</type>
            </component>
            <name>Z1_ax</name>
        </machineComponent>
    </machine>
    <simulators>
        <simController xsi:type="processSimulationControl" xmlns:xsi="http://www.w3.org/2001/XMLSchema-instance">
            <name>C1_n</name>
            <unit>RPM</unit>
        </simController>
        <simController xsi:type="geometricKienzleSimulationControl" xmlns:xsi="http://www.w3.org/2001/XMLSchema-instance">
            <name>C1_Torque</name>
            <unit>NEWTONMETER</unit>
        </simController>
        <simController xsi:type="processSimulationControl" xmlns:xsi="http://www.w3.org/2001/XMLSchema-instance">
            <name>X1_d</name>
            <unit>MM</unit>
        </simController>
        <simController xsi:type="processSimulationControl" xmlns:xsi="http://www.w3.org/2001/XMLSchema-instance">
            <name>X1_ap</name>
            <unit>MM</unit>
        </simController>
        <simController xsi:type="processSimulationControl" xmlns:xsi="http://www.w3.org/2001/XMLSchema-instance">
            <name>Z1_v</name>
            <unit>MM_MIN</unit>
        </simController>
        <simController xsi:type="processSimulationControl" xmlns:xsi="http://www.w3.org/2001/XMLSchema-instance">
            <name>X1_v</name>
            <unit>NEWTON</unit>
        </simController>
    </simulators>
    <connectionList/>
    <connectionList/>
    <connectionList/>
    <connectionList/>
</ns2:machine>
