<?xml version="1.0" encoding="UTF-8" standalone="no"?>
<!DOCTYPE properties SYSTEM "http://java.sun.com/dtd/properties.dtd">
<properties>
<comment/>
<entry key="NominalFlowRate">0.000051667</entry>
<entry key="LengthPump">.099</entry>
<entry key="PressureSamples">27500000, 25000000, 22500000, 20000000, 17500000, 15000000, 12500000, 10000000, 7500000, 5000000, 2500000, 0</entry>
<entry key="EfficiencySamples">0.79, 0.78, 0.78, 0.77, 0.76, 0.75, 0.73, 0.71, 0.66, 0.59, 0.44, 0</entry>
<entry key="NominalPressure">1500000</entry>
<entry key="NumberImpellerEyes">0</entry>
<entry key="HasMotorCooling">true</entry>
<entry key="PowerSamples">2782, 2551, 2320, 2088, 1857, 1626, 1395, 1163, 932, 701, 470, 238</entry>
<entry key="NominalRotSpeed">1500</entry>
<entry key="Material">Steel</entry>
<entry key="MaxTemperatureDifference">25.0</entry>
<entry key="DiameterPump">0.068</entry>
<entry key="MassMotor">15</entry>
<entry key="NumberStages">0</entry>
<entry key="MassFluid">3</entry>
<entry key="IsSubmerged">true</entry>
<entry key="Mass">7.5</entry>
<entry key="FlowRateSamples">0.00005, 0.0000502, 0.0000505, 0.0000507, 0.0000509, 0.0000511, 0.0000514, 0.0000516, 0.0000518, 0.000052, 0.0000523, 0.0000525</entry>
<entry key="LengthMotor">.15</entry>
<entry key="DiameterMotor">.12</entry>
</properties>
