<?xml version="1.0" encoding="UTF-8" standalone="no"?>
<!DOCTYPE properties SYSTEM "http://java.sun.com/dtd/properties.dtd">
<properties>
	<comment>
		General simulation config file.
	</comment>
	<entry key="simulationPeriod">1</entry>
	<entry key="initialTemperature.HomogStorage_Cabinett">296</entry>
	<entry key="initialTemperature.HomogStorage_Fanuc">296</entry>
	<entry key="initialTemperature.LayerStorage_SpindleHeatExchanger">295.8</entry>
	<entry key="initialTemperature.HomogStorage_Kessler_000101561">295.8</entry>
	<entry key="initialTemperature.HomogStorage_Hyfra_VWK_21_1S">295.9</entry>
</properties>