<?xml version="1.0" encoding="UTF-8" standalone="no"?>
<!DOCTYPE properties SYSTEM "http://java.sun.com/dtd/properties.dtd">
<properties>
  <comment>
    Model parameter definition
    ==========================
      Model : PumpPower 
      Type  : HD_Knoll_KTS_25_38_T
    Parameters
    ----------
      PressureSamples [Pa]
        Array of operation points for the pump
	  FlowRateSamples [m^3/s]
		Array of corresponding flow rate to the given pressure samples
      ElectricalPower [W]
      	Electrical power of the pump if running
      Mass [kg]
      	Structural mass
      Material [-]
      	Structural material
      EfficiencySamples [-]
      	Pump efficiency samples
      
  </comment>
  <entry key="PressureSamples">10000000 9000000 8000000 7000000 6000000 5000000 4000000 3000000 2000000 1000000</entry>
  <entry key="FlowRateSamples">0.000209 0.000222 0.000237 0.000253 0.000272 0.000294 0.000316 0.000346 0.000383 0.000419</entry>
  <entry key="PowerSamples">800 1400 2000 2600 3300 3900 4500 5100 5700 6400</entry>
  <entry key="EfficiencySamples">0 0.2 .3 .35 .4 .42 .4 .35 .3 0.2</entry>
  
  
<entry key="MassFluid">3</entry>
<entry key="MassMotor">15</entry>
<entry key="HasMotorCooling">1</entry>
<entry key="IsSubmerged">0</entry>
<entry key="DiameterPump">.1</entry>
<entry key="LengthPump">.1</entry>
<entry key="DiameterMotor">.2</entry>
<entry key="LengthMotor">.2</entry>
<entry key="NominalRotSpeed">1500</entry>
<entry key="NumberImpellerEyes">1</entry>
<entry key="NumberStages">1</entry>
<entry key="NominalFlowRate">0.000346</entry>
<entry key="NominalPressure">3000000</entry>
</properties>
