<?xml version="1.0" encoding="UTF-8" standalone="no"?>
<!DOCTYPE properties SYSTEM "http://java.sun.com/dtd/properties.dtd">
<properties>
  <comment>
    Model parameter definition
    ==========================
      Model : ServoMotor 
      Type  : Fanuc Alpha M9/3000
    Parameters
    ----------
      StaticFriction [Nm]
        Static friction of the motor
      KappaA [Nm/A]
        Torque constant of the motor
      KappaI [V/rmp]
        Speed constant of the motor
      ArmatureResistance [Ohm]
        Internal resistance of the motor
      PolePairs [-]
        Number of pole pairs
      AMPPower [W]
        Power consumtion of the amplifier and control if on
      AMPLoss [W]
      	Heat Loss of the amplifier and control if on
      BrakePower [W]
        Power demand to release the brake, zero if no brake is installed
  </comment>
  <entry key="StaticFriction">0.3</entry>
  <entry key="KappaA">0.86</entry>
  <entry key="KappaI">0.030</entry>
  <entry key="ArmatureResistance">0.181</entry>
  <entry key="PolePairs">3</entry>
  <entry key="BrakePower">18</entry>
</properties>
