<?xml version="1.0" encoding="UTF-8" standalone="no"?>
<!DOCTYPE properties SYSTEM "http://java.sun.com/dtd/properties.dtd">
<properties>
  <comment>
    Layer Storage
  </comment>
  <entry key="Material">Example</entry>
  <entry key="thermal.Volume">0.01</entry>
  <entry key="thermal.Surface">1</entry>
  <entry key="thermal.ConvectionConstant">1</entry>
  <entry key="thermal.ConductionConstant">1</entry>
  <entry key="thermal.WallThickness">1</entry>
  <entry key="thermal.NumberOfElements">2</entry>
  <entry key="thermal.InitialTemperature">293</entry>
  <entry key="thermal.ConvectionConstants">0.5 0.5</entry>
  <entry key="thermal.ConductionConstants">1 2 1</entry>
  <entry key="thermal.WallThicknesses">0.1 .2 .3</entry>
</properties>
