<?xml version="1.0" encoding="UTF-8" standalone="no"?>
<!DOCTYPE properties SYSTEM "http://java.sun.com/dtd/properties.dtd">
<properties>
<comment/>
<entry key="VolFlowSamples">22.4; 21; 0</entry>
<entry key="GasPressureInitial">6000000</entry>
<entry key="GasVolumeInitial">0.00195</entry>
<entry key="PressureMin">6000000</entry>
<entry key="PowerSamples">800; 2500; 650</entry>
<entry key="FluidVolumeInitial">0.0005</entry>
<entry key="PressureSamples">2000000; 6800000; 7000000</entry>
<entry key="PressureMax">7000000</entry>
</properties>
