<?xml version="1.0" encoding="UTF-8" standalone="no"?>
<!DOCTYPE properties SYSTEM "http://java.sun.com/dtd/properties.dtd">
<properties>
<comment/>
<entry key="TemperatureSamples">273; 293; 313; 333; 353; 373</entry>
<entry key="ThermalConductivity">0.5984</entry>
<entry key="ViscositySamples">7.40; 7.45; 7.56; 7.82; 8.07; 8.44</entry>
<entry key="PressureSamples">0; 100000; 200000; 300000; 400000; 500000</entry>
<entry key="DensityMatrix">1000, 997.5, 992.5, 982, 972, 958;
  							 1000, 997.5, 992.5, 982, 972, 958;
  							 1000, 997.5, 992.5, 982, 972, 958;
  							 1000, 997.5, 992.5, 982, 972, 958;
  							 1000, 997.5, 992.5, 982, 972, 958;
  							 1000, 997.5, 992.5, 982, 972, 958;</entry>
<entry key="HeatCapacity">4180</entry>
</properties>
