<?xml version="1.0" encoding="UTF-8" standalone="no"?>
<!DOCTYPE properties SYSTEM "http://java.sun.com/dtd/properties.dtd">
<properties>
<comment/>
<entry key="IsSubmerged">false</entry>
<entry key="NominalRotSpeed">1500.0 RPM (!)</entry>
<entry key="DiameterMotor">0.2 m</entry>
<entry key="DiameterPump">0.1 m</entry>
<entry key="FlowRateSamples">0.0, 2.5E-4, 5.0E-4, 7.5E-4 m³/s</entry>
<entry key="Material">Steel</entry>
<entry key="PowerSamples">100.0, 210.0, 460.0, 460.0 W</entry>
<entry key="LengthPump">0.1 m</entry>
<entry key="MaxTemperatureDifference">25.0 K</entry>
<entry key="EfficiencySamples">0.0, 0.4, 0.3, 0.0 none</entry>
<entry key="NumberImpellerEyes">1</entry>
<entry key="LengthMotor">0.2 m</entry>
<entry key="HasMotorCooling">true</entry>
<entry key="NumberStages">1</entry>
<entry key="MassMotor">15.0 kg</entry>
<entry key="PressureSamples">370000.0, 300000.0, 250000.0, 0.0 Pa</entry>
<entry key="MassFluid">3.0 kg</entry>
</properties>
