<?xml version="1.0" encoding="UTF-8" standalone="no"?>
<!DOCTYPE properties SYSTEM "http://java.sun.com/dtd/properties.dtd">
<properties>
<comment/>
<entry key="IsSubmerged">true</entry>
<entry key="NominalRotSpeed">1500.0 RPM</entry>
<entry key="DiameterMotor">0.2 m</entry>
<entry key="DiameterPump">0.1 m</entry>
<entry key="FlowRateSamples">0.0, 1.88E-4, 3.77E-4, 5.66E-4, 7.54E-4, 9.43E-4, 0.00113, 0.00132 m³/s</entry>
<entry key="LengthPump">0.1 m</entry>
<entry key="MaxTemperatureDifference">25.0 K</entry>
<entry key="PowerSamples">1650.0, 1650.0, 1650.0, 1650.0, 1650.0, 1650.0, 1650.0, 1650.0 W</entry>
<entry key="EfficiencySamples">0.0, 0.1138, 0.2121, 0.2881, 0.3312, 0.3486, 0.3148, 0.2475 none</entry>
<entry key="NumberImpellerEyes">0</entry>
<entry key="LengthMotor">0.2 m</entry>
<entry key="HasMotorCooling">true</entry>
<entry key="NumberStages">0</entry>
<entry key="MassMotor">10.0 kg</entry>
<entry key="PressureSamples">827370.0, 779108.0, 723950.0, 655002.0, 565370.0, 475738.0, 358527.0, 241317.0 Pa</entry>
<entry key="MassFluid">0.5 kg</entry>
</properties>
