<?xml version="1.0" encoding="UTF-8" standalone="no"?>
<!DOCTYPE properties SYSTEM "http://java.sun.com/dtd/properties.dtd">
<properties>
<comment/>
<entry key="IsSubmerged">true</entry>
<entry key="NominalRotSpeed">2827.0 RPM</entry>
<entry key="DiameterMotor">0.2 m</entry>
<entry key="DiameterPump">0.1 m</entry>
<entry key="FlowRateSamples">0.0, 8.33E-5, 1.66E-4, 2.5E-4, 3.33E-4, 4.166E-4, 5.0E-4, 5.8E-4 m³/s</entry>
<entry key="Material">Steel</entry>
<entry key="PowerSamples">600.0, 700.0, 800.0, 900.0, 1050.0, 1180.0, 1200.0, 1180.0 W</entry>
<entry key="LengthPump">0.1 m</entry>
<entry key="MaxTemperatureDifference">25.0 K</entry>
<entry key="EfficiencySamples">0.0, 0.18, 0.3, 0.38, 0.44, 0.48, 0.496, 0.476 none</entry>
<entry key="NumberImpellerEyes">1</entry>
<entry key="LengthMotor">0.2 m</entry>
<entry key="HasMotorCooling">true</entry>
<entry key="NumberStages">21</entry>
<entry key="MassMotor">15.0 kg</entry>
<entry key="PressureSamples">1275300.0, 1236060.0, 1216440.0, 1187610.0, 1128150.0, 1039860.0, 922140.0, 774990.0 Pa</entry>
<entry key="MassFluid">3.0 kg</entry>
</properties>
