<?xml version="1.0" encoding="UTF-8" standalone="no"?>
<!DOCTYPE properties SYSTEM "http://java.sun.com/dtd/properties.dtd">
<properties>
	<comment>
		General simulation config file.
	</comment>
	<entry key="simulationPeriod">0.2</entry>
	<entry key="initialTemperature.HomogStorage_Cabinett">298</entry>
	<entry key="initialTemperature.HomogStorage_Fanuc">298</entry>
	<entry key="initialTemperature.LayerStorage_SpindleHeatExchanger">300</entry>
	<entry key="initialTemperature.HomogStorage_Kessler_000101561">300</entry>
	<entry key="initialTemperature.HomogStorage_Hyfra_VWK_21_1S">300</entry>
</properties>