<?xml version="1.0" encoding="UTF-8" standalone="no"?>
<!DOCTYPE properties SYSTEM "http://java.sun.com/dtd/properties.dtd">
<properties>
<comment/>
<entry key="Alpha">90</entry>
<entry key="Transmission">.050</entry>
<entry key="PowerBreakOff">22</entry>
<entry key="StructureMass">100</entry>
<entry key="MotorType">MotorDC_FanucAlphaiS4_5000</entry>
<entry key="StructureDuct">StructureDuct</entry>
<entry key="PowerBreakOn">0.0</entry>
<entry key="StructureMaterial">Steel</entry>
<entry key="TransmissionEfficiency">1.0</entry>
<entry key="Mass">10</entry>
</properties>
