<?xml version="1.0" encoding="UTF-8" standalone="no"?>
<!DOCTYPE properties SYSTEM "http://java.sun.com/dtd/properties.dtd">
<properties>
  <comment>
    Model parameter definition
    ==========================
      Model : ServoMotor 
      Type  : Fanuc Alpha iF 1/5000
    Parameters
    ----------
      StaticFriction [Nm]
        Static friction of the motor
      KappaA [Nm/A]
        Torque constant of the motor
      KappaI [V/rmp]
        Speed constant of the motor
      ArmatureResistance [Ohm]
        Internal resistance of the motor
      PolePairs [-]
        Number of pole pairs
  </comment>
  <entry key="StaticFriction">0.2</entry>
  <entry key="KappaA">0.38</entry>
  <entry key="KappaI">0.013</entry>
  <entry key="ArmatureResistance">1.4</entry>
  <entry key="PolePairs">3</entry>
</properties>
