<?xml version="1.0" encoding="UTF-8" standalone="no"?>
<!DOCTYPE properties SYSTEM "http://java.sun.com/dtd/properties.dtd">
<properties>
<comment>
    Model parameter definition
    ==========================
      Model : Servodrive 
      Type  : Example
    Parameters
    ----------
      MotorType [-]
        -
      StructureMass [kg]
		Total mass 
      StructureMaterial [-]
  		-
  	  BreakePower [W]
  		Power consumption if break is open	
  </comment>
<entry key="MotorType">MotorDC_Example</entry>
<entry key="StructureMass">20</entry>
<entry key="StructureMaterial">Steel</entry>
<entry key="BreakePower">15</entry>
</properties>
