<?xml version="1.0" encoding="UTF-8" standalone="no"?>
<!DOCTYPE properties SYSTEM "http://java.sun.com/dtd/properties.dtd">
<properties>
  <comment>
    Model parameter definition
    ==========================
      Model : Revolver 
      Type  : Schaublin 42L
    Parameters
    ----------
      Inertia [kg m3]
        Inertia of the turning part
      NumberOfTools [-]
		Number of tool positions on the revolver
      MaxTorque [deg]
  		Maximum allowable/possible torque acting on the 
  		revolver
  </comment>
  <entry key="Inertia">1.56</entry>
  <entry key="NumberOfTools">16</entry>
  <entry key="MaxTorque">9</entry>
</properties>