<?xml version="1.0" encoding="UTF-8" standalone="yes"?>
<ns2:machine xmlns:ns2="ch.ethz.inspire.emod">
    <machine>
        <machineComponent>
            <position>
                <x>711.131578947369</x>
                <y>158.463815789473</y>
                <r>0.0</r>
                <rotate>0.0</rotate>
            </position>
            <component xsi:type="spindle" xmlns:xsi="http://www.w3.org/2001/XMLSchema-instance">
                <type>Kessler_000101561</type>
            </component>
            <name>Spindle</name>
        </machineComponent>
        <machineComponent>
            <position>
                <x>706.8750000000007</x>
                <y>364.9216772151895</y>
                <r>0.0</r>
                <rotate>0.0</rotate>
            </position>
            <component xsi:type="linAxis" xmlns:xsi="http://www.w3.org/2001/XMLSchema-instance">
                <type>Schaublin42L_X1</type>
            </component>
            <name>XAxis</name>
        </machineComponent>
        <machineComponent>
            <position>
                <x>697.5550373134332</x>
                <y>520.3124999999994</y>
                <r>0.0</r>
                <rotate>0.0</rotate>
            </position>
            <component xsi:type="linAxis" xmlns:xsi="http://www.w3.org/2001/XMLSchema-instance">
                <type>Schaublin42L_Z1</type>
            </component>
            <name>ZAxis</name>
        </machineComponent>
        <machineComponent>
            <position>
                <x>705.6875000000005</x>
                <y>682.2499999999998</y>
                <r>0.0</r>
                <rotate>0.0</rotate>
            </position>
            <component xsi:type="linAxis" xmlns:xsi="http://www.w3.org/2001/XMLSchema-instance">
                <type>Schaublin42L_Tailstock</type>
            </component>
            <name>Tailstock</name>
        </machineComponent>
        <machineComponent>
            <position>
                <x>995.319929272476</x>
                <y>-295.614365952528</y>
                <r>0.0</r>
                <rotate>0.0</rotate>
            </position>
            <component xsi:type="cooler" xmlns:xsi="http://www.w3.org/2001/XMLSchema-instance">
                <type>Hyfra_VWK_21_1S</type>
            </component>
            <name>Cooler</name>
        </machineComponent>
        <machineComponent>
            <position>
                <x>948.9845438578196</x>
                <y>-132.77324082568018</y>
                <r>0.5</r>
                <rotate>0.5</rotate>
            </position>
            <component xsi:type="tank" xmlns:xsi="http://www.w3.org/2001/XMLSchema-instance">
                <type>Hyfra_VWK_21_1S</type>
            </component>
            <name>TankCoolant</name>
        </machineComponent>
        <machineComponent>
            <position>
                <x>525.2663531083776</x>
                <y>-150.8871995422736</y>
                <r>0.5</r>
                <rotate>0.5</rotate>
            </position>
            <component xsi:type="pump" xmlns:xsi="http://www.w3.org/2001/XMLSchema-instance">
                <type>Hyfra_VWK_21_1S</type>
            </component>
            <name>PumpCoolant</name>
        </machineComponent>
        <machineComponent>
            <position>
                <x>1084.04591835147</x>
                <y>136.04571311862873</y>
                <r>0.0</r>
                <rotate>0.0</rotate>
            </position>
            <component xsi:type="amplifier" xmlns:xsi="http://www.w3.org/2001/XMLSchema-instance">
                <type>FanucSPM-26</type>
            </component>
            <name>AmplifierSpindle</name>
        </machineComponent>
        <machineComponent>
            <position>
                <x>1094.8900112694914</x>
                <y>365.9431011783318</y>
                <r>0.0</r>
                <rotate>0.0</rotate>
            </position>
            <component xsi:type="amplifier" xmlns:xsi="http://www.w3.org/2001/XMLSchema-instance">
                <type>FanucSVM2-20-20</type>
            </component>
            <name>AmplifierAxes</name>
        </machineComponent>
        <machineComponent>
            <position>
                <x>1105.0443406358493</x>
                <y>670.7823440038875</y>
                <r>0.0</r>
                <rotate>0.0</rotate>
            </position>
            <component xsi:type="amplifier" xmlns:xsi="http://www.w3.org/2001/XMLSchema-instance">
                <type>FanucSVU1-80</type>
            </component>
            <name>AmplifierTailstock</name>
        </machineComponent>
        <machineComponent>
            <position>
                <x>1104.5562868943102</x>
                <y>856.3297615846146</y>
                <r>0.0</r>
                <rotate>0.0</rotate>
            </position>
            <component xsi:type="amplifier" xmlns:xsi="http://www.w3.org/2001/XMLSchema-instance">
                <type>FanucSVM1-80</type>
            </component>
            <name>AmplifierRevolver</name>
        </machineComponent>
        <machineComponent>
            <position>
                <x>1690.74237279331</x>
                <y>-224.78104729977</y>
                <r>0.0</r>
                <rotate>0.0</rotate>
            </position>
            <component xsi:type="compressedFluid" xmlns:xsi="http://www.w3.org/2001/XMLSchema-instance">
                <type>Air6bar</type>
            </component>
            <name>CompressedAir</name>
        </machineComponent>
        <machineComponent>
            <position>
                <x>428.91869658818894</x>
                <y>873.9248913705244</y>
                <r>0.0</r>
                <rotate>0.0</rotate>
            </position>
            <component xsi:type="revolver" xmlns:xsi="http://www.w3.org/2001/XMLSchema-instance">
                <type>Schaublin42L</type>
            </component>
            <name>Revolver</name>
        </machineComponent>
        <machineComponent>
            <position>
                <x>710.9375000000027</x>
                <y>870.312500000004</y>
                <r>0.0</r>
                <rotate>0.0</rotate>
            </position>
            <component xsi:type="motorDC" xmlns:xsi="http://www.w3.org/2001/XMLSchema-instance">
                <type>FanucAlphaM9_3000</type>
            </component>
            <name>BAxis</name>
        </machineComponent>
        <machineComponent>
            <position>
                <x>1644.138048075456</x>
                <y>852.3340555261859</y>
                <r>0.0</r>
                <rotate>0.0</rotate>
            </position>
            <component xsi:type="fan" xmlns:xsi="http://www.w3.org/2001/XMLSchema-instance">
                <type>Pfannenberg_PF_3000</type>
            </component>
            <name>Fan2</name>
        </machineComponent>
        <machineComponent>
            <position>
                <x>1645.4906600157544</x>
                <y>677.3573764217084</y>
                <r>0.0</r>
                <rotate>0.0</rotate>
            </position>
            <component xsi:type="fan" xmlns:xsi="http://www.w3.org/2001/XMLSchema-instance">
                <type>Pfannenberg_PF_3000</type>
            </component>
            <name>Fan1</name>
        </machineComponent>
        <machineComponent>
            <position>
                <x>1643.5717064551604</x>
                <y>557.2961388466317</y>
                <r>0.0</r>
                <rotate>0.0</rotate>
            </position>
            <component xsi:type="constantComponent" xmlns:xsi="http://www.w3.org/2001/XMLSchema-instance">
                <type>Bonfigioli_BN804A</type>
            </component>
            <name>ChipConveyor</name>
        </machineComponent>
        <machineComponent>
            <position>
                <x>1777.6913735264095</x>
                <y>73.32067502047371</y>
                <r>0.0</r>
                <rotate>0.0</rotate>
            </position>
            <component xsi:type="pump" xmlns:xsi="http://www.w3.org/2001/XMLSchema-instance">
                <type>SpandauVogel_PV80_180</type>
            </component>
            <name>PumpCF</name>
        </machineComponent>
        <machineComponent>
            <position>
                <x>1380.8141075129972</x>
                <y>95.30636129854507</y>
                <r>0.0</r>
                <rotate>0.0</rotate>
            </position>
            <component xsi:type="tank" xmlns:xsi="http://www.w3.org/2001/XMLSchema-instance">
                <type>Schaublin42L</type>
            </component>
            <name>TankCF</name>
        </machineComponent>
        <machineComponent>
            <position>
                <x>1553.4034997936178</x>
                <y>350.46668274953527</y>
                <r>0.5</r>
                <rotate>0.5</rotate>
            </position>
            <component xsi:type="valve" xmlns:xsi="http://www.w3.org/2001/XMLSchema-instance">
                <type>SchaulbinCFNozzle</type>
            </component>
            <name>Valve</name>
        </machineComponent>
    </machine>
    <simulators>
        <simController xsi:type="staticSimulationControl" xmlns:xsi="http://www.w3.org/2001/XMLSchema-instance">
            <name>FanCtrl</name>
            <unit>
                <unitText>none</unitText>
            </unit>
            <position>
                <x>1480.9084702265745</x>
                <y>771.3273884501416</y>
                <r>0.0</r>
                <rotate>0.0</rotate>
            </position>
        </simController>
        <simController xsi:type="constantSimulationControl" xmlns:xsi="http://www.w3.org/2001/XMLSchema-instance">
            <name>AmbPressure</name>
            <unit>
                <unitText>Pa</unitText>
            </unit>
            <position>
                <x>1433.6278205216274</x>
                <y>-356.2400920146434</y>
                <r>0.25</r>
                <rotate>0.25</rotate>
            </position>
        </simController>
        <simController xsi:type="constantSimulationControl" xmlns:xsi="http://www.w3.org/2001/XMLSchema-instance">
            <name>AmbTemperature</name>
            <unit>
                <unitText>K</unitText>
            </unit>
            <position>
                <x>1278.2646972499988</x>
                <y>-353.01653771425623</y>
                <r>0.25</r>
                <rotate>0.25</rotate>
            </position>
        </simController>
        <simController xsi:type="staticSimulationControl" xmlns:xsi="http://www.w3.org/2001/XMLSchema-instance">
            <name>FanucCtrl</name>
            <unit>
                <unitText>none</unitText>
            </unit>
            <position>
                <x>858.1970073372345</x>
                <y>66.58039560956749</y>
                <r>0.0</r>
                <rotate>0.0</rotate>
            </position>
        </simController>
        <simController xsi:type="staticSimulationControl" xmlns:xsi="http://www.w3.org/2001/XMLSchema-instance">
            <name>AxisCtrl</name>
            <unit>
                <unitText>none</unitText>
            </unit>
            <position>
                <x>461.2076570067201</x>
                <y>114.98966915999301</y>
                <r>0.0</r>
                <rotate>0.0</rotate>
            </position>
        </simController>
        <simController xsi:type="processSimulationControl" xmlns:xsi="http://www.w3.org/2001/XMLSchema-instance">
            <name>FClamp</name>
            <unit>
                <unitText>N</unitText>
            </unit>
            <position>
                <x>464.7267668268701</x>
                <y>770.0215408070998</y>
                <r>0.0</r>
                <rotate>0.0</rotate>
            </position>
        </simController>
        <simController xsi:type="processSimulationControl" xmlns:xsi="http://www.w3.org/2001/XMLSchema-instance">
            <name>Z1_v</name>
            <unit>
                <unitText>m/s</unitText>
            </unit>
            <position>
                <x>463.90562734990914</x>
                <y>543.4454200100889</y>
                <r>0.0</r>
                <rotate>0.0</rotate>
            </position>
        </simController>
        <simController xsi:type="processSimulationControl" xmlns:xsi="http://www.w3.org/2001/XMLSchema-instance">
            <name>X1_v</name>
            <unit>
                <unitText>m/s</unitText>
            </unit>
            <position>
                <x>466.80581391707324</x>
                <y>377.02937523397</y>
                <r>0.0</r>
                <rotate>0.0</rotate>
            </position>
        </simController>
        <simController xsi:type="processSimulationControl" xmlns:xsi="http://www.w3.org/2001/XMLSchema-instance">
            <name>X1_ap</name>
            <unit>
                <unitText>m</unitText>
            </unit>
            <position>
                <x>489.59816537545635</x>
                <y>1040.1918335259672</y>
                <r>0.0</r>
                <rotate>0.0</rotate>
            </position>
        </simController>
        <simController xsi:type="processSimulationControl" xmlns:xsi="http://www.w3.org/2001/XMLSchema-instance">
            <name>X1_d</name>
            <unit>
                <unitText>m</unitText>
            </unit>
            <position>
                <x>489.59816537545635</x>
                <y>1126.129333525967</y>
                <r>0.0</r>
                <rotate>0.0</rotate>
            </position>
        </simController>
        <simController xsi:type="processSimulationControl" xmlns:xsi="http://www.w3.org/2001/XMLSchema-instance">
            <name>C1_n</name>
            <unit>
                <unitText>Hz</unitText>
            </unit>
            <position>
                <x>470.28062734990914</x>
                <y>171.13292001008955</y>
                <r>0.0</r>
                <rotate>0.0</rotate>
            </position>
        </simController>
        <simController xsi:type="staticSimulationControl" xmlns:xsi="http://www.w3.org/2001/XMLSchema-instance">
            <name>CoolerCtrl</name>
            <unit>
                <unitText>none</unitText>
            </unit>
            <position>
                <x>709.7119890956094</x>
                <y>-307.98252350643054</y>
                <r>0.0</r>
                <rotate>0.0</rotate>
            </position>
        </simController>
        <simController xsi:type="geometricKienzleSimulationControl" xmlns:xsi="http://www.w3.org/2001/XMLSchema-instance">
            <name>C1_Torque</name>
            <unit>
                <unitText>Nm</unitText>
            </unit>
            <position>
                <x>447.78319584306064</x>
                <y>227.03103644844634</y>
                <r>0.0</r>
                <rotate>0.0</rotate>
            </position>
        </simController>
        <simController xsi:type="geometricKienzleSimulationControl" xmlns:xsi="http://www.w3.org/2001/XMLSchema-instance">
            <name>X1_Force</name>
            <unit>
                <unitText>N</unitText>
            </unit>
            <position>
                <x>460.33114104854013</x>
                <y>433.7707624758435</y>
                <r>0.0</r>
                <rotate>0.0</rotate>
            </position>
        </simController>
        <simController xsi:type="geometricKienzleSimulationControl" xmlns:xsi="http://www.w3.org/2001/XMLSchema-instance">
            <name>Z1_Force</name>
            <unit>
                <unitText>N</unitText>
            </unit>
            <position>
                <x>459.4681273499099</x>
                <y>600.19542001009</y>
                <r>0.0</r>
                <rotate>0.0</rotate>
            </position>
        </simController>
        <simController xsi:type="processSimulationControl" xmlns:xsi="http://www.w3.org/2001/XMLSchema-instance">
            <name>Tool</name>
            <unit>
                <unitText>none</unitText>
            </unit>
            <position>
                <x>276.24122578894594</x>
                <y>873.0097957341546</y>
                <r>0.0</r>
                <rotate>0.0</rotate>
            </position>
        </simController>
        <simController xsi:type="processSimulationControl" xmlns:xsi="http://www.w3.org/2001/XMLSchema-instance">
            <name>Zero</name>
            <unit>
                <unitText>m/s</unitText>
            </unit>
            <position>
                <x>463.97373133496603</x>
                <y>712.2888197610245</y>
                <r>0.0</r>
                <rotate>0.0</rotate>
            </position>
        </simController>
        <simController xsi:type="staticSimulationControl" xmlns:xsi="http://www.w3.org/2001/XMLSchema-instance">
            <name>ConvCtrl</name>
            <unit>
                <unitText>none</unitText>
            </unit>
            <position>
                <x>1432.0103514800812</x>
                <y>539.4387600928172</y>
                <r>0.0</r>
                <rotate>0.0</rotate>
            </position>
        </simController>
        <simController xsi:type="staticSimulationControl" xmlns:xsi="http://www.w3.org/2001/XMLSchema-instance">
            <name>CFCtrl</name>
            <unit>
                <unitText>none</unitText>
            </unit>
            <position>
                <x>1572.1749084421065</x>
                <y>-60.8144044641424</y>
                <r>0.0</r>
                <rotate>0.0</rotate>
            </position>
        </simController>
    </simulators>
    <linking>
        <ioConnection>
            <sourceName>TankCoolant.TemperatureTank</sourceName>
            <targetName>Cooler.Temperature</targetName>
            <points>
                <x>914.0</x>
                <y>-132.0</y>
                <r>0.0</r>
                <rotate>0.0</rotate>
            </points>
            <points>
                <x>952.0</x>
                <y>-255.0</y>
                <r>0.0</r>
                <rotate>0.0</rotate>
            </points>
        </ioConnection>
        <ioConnection>
            <sourceName>Cooler.PThermal</sourceName>
            <targetName>TankCoolant.HeatExchangerOut</targetName>
            <points>
                <x>1297.8531468531469</x>
                <y>-221.02797202797186</y>
                <r>0.0</r>
                <rotate>0.0</rotate>
            </points>
            <points>
                <x>1314.0</x>
                <y>-117.0</y>
                <r>0.0</r>
                <rotate>0.0</rotate>
            </points>
        </ioConnection>
        <ioConnection xsi:type="fluidConnection" xmlns:xsi="http://www.w3.org/2001/XMLSchema-instance">
            <sourceName>TankCoolant.FluidOut</sourceName>
            <targetName>PumpCoolant.FluidIn</targetName>
        </ioConnection>
        <ioConnection>
            <sourceName>PumpCoolant.HeatFlowTank</sourceName>
            <targetName>TankCoolant.HeatFlowIn</targetName>
            <points>
                <x>473.03819592452714</x>
                <y>2.756258676779415</y>
                <r>0.0</r>
                <rotate>0.0</rotate>
            </points>
            <points>
                <x>524.8824582196088</x>
                <y>37.257003833262075</y>
                <r>0.0</r>
                <rotate>0.0</rotate>
            </points>
            <points>
                <x>1298.9323837039553</x>
                <y>36.493218438329166</y>
                <r>0.0</r>
                <rotate>0.0</rotate>
            </points>
            <points>
                <x>1327.5836504699748</x>
                <y>-0.652832232311475</y>
                <r>0.0</r>
                <rotate>0.0</rotate>
            </points>
        </ioConnection>
        <ioConnection xsi:type="fluidConnection" xmlns:xsi="http://www.w3.org/2001/XMLSchema-instance">
            <sourceName>PumpCoolant.FluidOut</sourceName>
            <targetName>Spindle.CoolantIn</targetName>
            <points>
                <x>487.39226291017275</x>
                <y>41.29891038664737</y>
                <r>0.0</r>
                <rotate>0.0</rotate>
            </points>
            <points>
                <x>649.8922629101714</x>
                <y>108.34436493210151</y>
                <r>0.0</r>
                <rotate>0.0</rotate>
            </points>
            <points>
                <x>661.2558992738077</x>
                <y>219.7080012957368</y>
                <r>0.0</r>
                <rotate>0.0</rotate>
            </points>
        </ioConnection>
        <ioConnection xsi:type="fluidConnection" xmlns:xsi="http://www.w3.org/2001/XMLSchema-instance">
            <sourceName>Spindle.CoolantOut</sourceName>
            <targetName>TankCoolant.FluidIn</targetName>
            <points>
                <x>1012.0</x>
                <y>265.0</y>
                <r>0.0</r>
                <rotate>0.0</rotate>
            </points>
            <points>
                <x>1070.0</x>
                <y>22.0</y>
                <r>0.0</r>
                <rotate>0.0</rotate>
            </points>
            <points>
                <x>1302.0</x>
                <y>18.0</y>
                <r>0.0</r>
                <rotate>0.0</rotate>
            </points>
        </ioConnection>
        <ioConnection>
            <sourceName>Spindle.PTotal</sourceName>
            <targetName>AmplifierSpindle.PDmd</targetName>
        </ioConnection>
        <ioConnection>
            <sourceName>XAxis.PTotal</sourceName>
            <targetName>AmplifierAxes.PDmd</targetName>
        </ioConnection>
        <ioConnection>
            <sourceName>ZAxis.PTotal</sourceName>
            <targetName>AmplifierAxes.PDmd</targetName>
        </ioConnection>
        <ioConnection>
            <sourceName>Tailstock.PTotal</sourceName>
            <targetName>AmplifierTailstock.PDmd</targetName>
        </ioConnection>
        <ioConnection>
            <sourceName>Revolver.Torque</sourceName>
            <targetName>BAxis.Torque</targetName>
        </ioConnection>
        <ioConnection>
            <sourceName>Revolver.RotSpeed</sourceName>
            <targetName>BAxis.RotSpeed</targetName>
        </ioConnection>
        <ioConnection>
            <sourceName>BAxis.PTotal</sourceName>
            <targetName>AmplifierRevolver.PDmd</targetName>
        </ioConnection>
        <ioConnection xsi:type="fluidConnection" xmlns:xsi="http://www.w3.org/2001/XMLSchema-instance">
            <sourceName>TankCF.FluidOut</sourceName>
            <targetName>PumpCF.FluidIn</targetName>
        </ioConnection>
        <ioConnection xsi:type="fluidConnection" xmlns:xsi="http://www.w3.org/2001/XMLSchema-instance">
            <sourceName>PumpCF.FluidOut</sourceName>
            <targetName>Valve.FluidIn</targetName>
            <points>
                <x>2103.8620851339397</x>
                <y>220.3311548527431</y>
                <r>0.0</r>
                <rotate>0.0</rotate>
            </points>
        </ioConnection>
        <ioConnection xsi:type="fluidConnection" xmlns:xsi="http://www.w3.org/2001/XMLSchema-instance">
            <sourceName>Valve.FluidOut</sourceName>
            <targetName>TankCF.FluidIn</targetName>
            <points>
                <x>1417.8620851339417</x>
                <y>374.3311548527428</y>
                <r>0.0</r>
                <rotate>0.0</rotate>
            </points>
            <points>
                <x>1358.862085133942</x>
                <y>218.33115485274308</y>
                <r>0.0</r>
                <rotate>0.0</rotate>
            </points>
        </ioConnection>
        <ioConnection>
            <sourceName>FanCtrl</sourceName>
            <targetName>Fan1.level</targetName>
            <points>
                <x>1607.7589111265759</x>
                <y>704.7822288399245</y>
                <r>0.0</r>
                <rotate>0.0</rotate>
            </points>
        </ioConnection>
        <ioConnection>
            <sourceName>FanCtrl</sourceName>
            <targetName>Fan2.level</targetName>
            <points>
                <x>1612.2430196154587</x>
                <y>846.480057088631</y>
                <r>0.0</r>
                <rotate>0.0</rotate>
            </points>
        </ioConnection>
        <ioConnection>
            <sourceName>AmbPressure</sourceName>
            <targetName>CompressedAir.PressureAmb</targetName>
            <points>
                <x>1454.2377622377644</x>
                <y>-249.104895104894</y>
                <r>0.0</r>
                <rotate>0.0</rotate>
            </points>
        </ioConnection>
        <ioConnection>
            <sourceName>AmbPressure</sourceName>
            <targetName>TankCF.PressureAmb</targetName>
            <points>
                <x>1443.4685314685312</x>
                <y>-233.7202797202791</y>
                <r>0.0</r>
                <rotate>0.0</rotate>
            </points>
            <points>
                <x>1388.8531468531482</x>
                <y>27.048951048951132</y>
                <r>0.0</r>
                <rotate>0.0</rotate>
            </points>
            <points>
                <x>1328.0839160839166</x>
                <y>95.51048951048953</y>
                <r>0.0</r>
                <rotate>0.0</rotate>
            </points>
        </ioConnection>
        <ioConnection>
            <sourceName>AmbPressure</sourceName>
            <targetName>TankCoolant.PressureAmb</targetName>
            <points>
                <x>1436.545454545454</x>
                <y>-243.72027972027917</y>
                <r>0.0</r>
                <rotate>0.0</rotate>
            </points>
        </ioConnection>
        <ioConnection>
            <sourceName>AmbTemperature</sourceName>
            <targetName>TankCoolant.TemperatureAmb</targetName>
            <points>
                <x>1295.8531468531469</x>
                <y>-143.02797202797188</y>
                <r>0.0</r>
                <rotate>0.0</rotate>
            </points>
        </ioConnection>
        <ioConnection>
            <sourceName>AmbTemperature</sourceName>
            <targetName>TankCF.TemperatureAmb</targetName>
        </ioConnection>
        <ioConnection>
            <sourceName>AmbTemperature</sourceName>
            <targetName>PumpCF.TemperatureAmb</targetName>
            <points>
                <x>1308.0839160839191</x>
                <y>-305.2587412587408</y>
                <r>0.0</r>
                <rotate>0.0</rotate>
            </points>
            <points>
                <x>1428.0839160839198</x>
                <y>31.664335664335628</y>
                <r>0.0</r>
                <rotate>0.0</rotate>
            </points>
            <points>
                <x>1726.5454545454536</x>
                <y>65.51048951048948</y>
                <r>0.0</r>
                <rotate>0.0</rotate>
            </points>
        </ioConnection>
        <ioConnection>
            <sourceName>AmbTemperature</sourceName>
            <targetName>PumpCoolant.TemperatureAmb</targetName>
            <points>
                <x>948.0</x>
                <y>-341.0</y>
                <r>0.0</r>
                <rotate>0.0</rotate>
            </points>
            <points>
                <x>893.0</x>
                <y>-129.0</y>
                <r>0.0</r>
                <rotate>0.0</rotate>
            </points>
        </ioConnection>
        <ioConnection>
            <sourceName>AmbTemperature</sourceName>
            <targetName>CompressedAir.TemperatureAmb</targetName>
            <points>
                <x>1310.39160839161</x>
                <y>-315.2587412587405</y>
                <r>0.0</r>
                <rotate>0.0</rotate>
            </points>
        </ioConnection>
        <ioConnection>
            <sourceName>FanucCtrl</sourceName>
            <targetName>AmplifierSpindle.State</targetName>
            <points>
                <x>1044.5331916913224</x>
                <y>138.14877780356346</y>
                <r>0.0</r>
                <rotate>0.0</rotate>
            </points>
        </ioConnection>
        <ioConnection>
            <sourceName>FanucCtrl</sourceName>
            <targetName>AmplifierAxes.State</targetName>
            <points>
                <x>1037.5331916913221</x>
                <y>142.14877780356335</y>
                <r>0.0</r>
                <rotate>0.0</rotate>
            </points>
            <points>
                <x>1057.5331916913224</x>
                <y>364.148777803562</y>
                <r>0.0</r>
                <rotate>0.0</rotate>
            </points>
        </ioConnection>
        <ioConnection>
            <sourceName>FanucCtrl</sourceName>
            <targetName>AmplifierTailstock.State</targetName>
            <points>
                <x>1029.5331916913221</x>
                <y>145.14877780356335</y>
                <r>0.0</r>
                <rotate>0.0</rotate>
            </points>
            <points>
                <x>1070.5331916913221</x>
                <y>668.1487778035606</y>
                <r>0.0</r>
                <rotate>0.0</rotate>
            </points>
        </ioConnection>
        <ioConnection>
            <sourceName>FanucCtrl</sourceName>
            <targetName>AmplifierRevolver.State</targetName>
            <points>
                <x>1019.5331916913224</x>
                <y>147.14877780356323</y>
                <r>0.0</r>
                <rotate>0.0</rotate>
            </points>
            <points>
                <x>1069.533191691322</x>
                <y>852.1487778035591</y>
                <r>0.0</r>
                <rotate>0.0</rotate>
            </points>
        </ioConnection>
        <ioConnection>
            <sourceName>AxisCtrl</sourceName>
            <targetName>Spindle.State</targetName>
            <points>
                <x>659.9999999999995</x>
                <y>163.2727272727266</y>
                <r>0.0</r>
                <rotate>0.0</rotate>
            </points>
        </ioConnection>
        <ioConnection>
            <sourceName>AxisCtrl</sourceName>
            <targetName>XAxis.State</targetName>
            <points>
                <x>613.9472868336169</x>
                <y>152.75625867677832</y>
                <r>0.0</r>
                <rotate>0.0</rotate>
            </points>
            <points>
                <x>664.6649901828987</x>
                <y>361.75345584119026</y>
                <r>0.0</r>
                <rotate>0.0</rotate>
            </points>
        </ioConnection>
        <ioConnection>
            <sourceName>AxisCtrl</sourceName>
            <targetName>ZAxis.State</targetName>
            <points>
                <x>607.1291050154351</x>
                <y>155.0289859495056</y>
                <r>0.0</r>
                <rotate>0.0</rotate>
            </points>
            <points>
                <x>662.3922629101714</x>
                <y>520.8443649320982</y>
                <r>0.0</r>
                <rotate>0.0</rotate>
            </points>
        </ioConnection>
        <ioConnection>
            <sourceName>AxisCtrl</sourceName>
            <targetName>Tailstock.State</targetName>
            <points>
                <x>598.0381959245261</x>
                <y>157.30171322223288</y>
                <r>0.0</r>
                <rotate>0.0</rotate>
            </points>
            <points>
                <x>664.6649901828987</x>
                <y>685.6170922048242</y>
                <r>0.0</r>
                <rotate>0.0</rotate>
            </points>
        </ioConnection>
        <ioConnection>
            <sourceName>FClamp</sourceName>
            <targetName>Tailstock.ProcessForce</targetName>
        </ioConnection>
        <ioConnection>
            <sourceName>X1_v</sourceName>
            <targetName>XAxis.Speed</targetName>
        </ioConnection>
        <ioConnection>
            <sourceName>Z1_v</sourceName>
            <targetName>ZAxis.Speed</targetName>
        </ioConnection>
        <ioConnection>
            <sourceName>C1_n</sourceName>
            <targetName>Spindle.RotSpeed</targetName>
        </ioConnection>
        <ioConnection>
            <sourceName>CoolerCtrl</sourceName>
            <targetName>Cooler.State</targetName>
        </ioConnection>
        <ioConnection>
            <sourceName>CoolerCtrl</sourceName>
            <targetName>PumpCoolant.State</targetName>
            <points>
                <x>889.0</x>
                <y>-187.0</y>
                <r>0.0</r>
                <rotate>0.0</rotate>
            </points>
        </ioConnection>
        <ioConnection>
            <sourceName>C1_Torque</sourceName>
            <targetName>Spindle.Torque</targetName>
        </ioConnection>
        <ioConnection>
            <sourceName>X1_Force</sourceName>
            <targetName>XAxis.ProcessForce</targetName>
        </ioConnection>
        <ioConnection>
            <sourceName>Z1_Force</sourceName>
            <targetName>ZAxis.ProcessForce</targetName>
        </ioConnection>
        <ioConnection>
            <sourceName>Tool</sourceName>
            <targetName>Revolver.Tool</targetName>
        </ioConnection>
        <ioConnection>
            <sourceName>Zero</sourceName>
            <targetName>Tailstock.Speed</targetName>
        </ioConnection>
        <ioConnection>
            <sourceName>ConvCtrl</sourceName>
            <targetName>ChipConveyor.level</targetName>
        </ioConnection>
        <ioConnection>
            <sourceName>CFCtrl</sourceName>
            <targetName>Valve.ValveCtrl</targetName>
            <points>
                <x>1719.863034480259</x>
                <y>22.061426392679728</y>
                <r>0.0</r>
                <rotate>0.0</rotate>
            </points>
            <points>
                <x>1760.2406328568504</x>
                <y>243.6895774819812</y>
                <r>0.0</r>
                <rotate>0.0</rotate>
            </points>
            <points>
                <x>1830.2284700429454</x>
                <y>331.62301394656214</y>
                <r>0.0</r>
                <rotate>0.0</rotate>
            </points>
        </ioConnection>
        <ioConnection>
            <sourceName>CFCtrl</sourceName>
            <targetName>PumpCF.State</targetName>
        </ioConnection>
        <ioConnection>
            <sourceName>Spindle.CAirFlow</sourceName>
            <targetName>CompressedAir.Flow</targetName>
            <points>
                <x>1006.7734508056772</x>
                <y>228.63908277787564</y>
                <r>0.0</r>
                <rotate>0.0</rotate>
            </points>
            <points>
                <x>1050.4166423667318</x>
                <y>51.056441253587224</y>
                <r>0.0</r>
                <rotate>0.0</rotate>
            </points>
            <points>
                <x>1309.2659164529828</x>
                <y>49.55150361355092</y>
                <r>0.0</r>
                <rotate>0.0</rotate>
            </points>
            <points>
                <x>1628.3126961406874</x>
                <y>-204.78295755259091</y>
                <r>0.0</r>
                <rotate>0.0</rotate>
            </points>
        </ioConnection>
        <ioConnection>
            <sourceName>PumpCF.HeatFlowTank</sourceName>
            <targetName>TankCF.HeatFlowIn</targetName>
            <points>
                <x>2115.1520534468145</x>
                <y>199.27225833432647</y>
                <r>0.0</r>
                <rotate>0.0</rotate>
            </points>
            <points>
                <x>2105.818057478455</x>
                <y>248.74243696662597</y>
                <r>0.0</r>
                <rotate>0.0</rotate>
            </points>
            <points>
                <x>1355.0402431496607</x>
                <y>243.03922200421832</y>
                <r>0.0</r>
                <rotate>0.0</rotate>
            </points>
            <points>
                <x>1343.2145005349726</x>
                <y>196.2664247810335</y>
                <r>0.0</r>
                <rotate>0.0</rotate>
            </points>
        </ioConnection>
    </linking>
</ns2:machine>
