<?xml version="1.0" encoding="UTF-8" standalone="no"?>
<!DOCTYPE properties SYSTEM "http://java.sun.com/dtd/properties.dtd">
<properties>
  <comment>
    Model parameter definition
    ==========================
      Model : LinAxis 
      Type  : Test
    Parameters
    ----------
      Transmission [m]
        Transmission between the motor (rad/s) and the translation (m)
      Mass [kg]
		Mass in kg
      Alpha [deg]
  		Angle between the axis and the vertical
  </comment>
  <entry key="Transmission">.050</entry>
  <entry key="Mass">10</entry>
  <entry key="Alpha">0</entry>
  <entry key="MotorType">MotorDC_Example</entry>
  <entry key="StructureMass">100</entry>
  <entry key="StructureDuct">StructureDuct</entry>
  <entry key="StructureMaterial">Steel</entry>
</properties>