<?xml version="1.0" encoding="UTF-8" standalone="no"?>
<!DOCTYPE properties SYSTEM "http://java.sun.com/dtd/properties.dtd">
<properties>
<comment/>
<entry key="Alpha">35</entry>
<entry key="Transmission">.015</entry>
<entry key="PowerBreakOff">27</entry>
<entry key="StructureMass">35</entry>
<entry key="MotorType">MotorDC_FanucAlphaC12_2000</entry>
<entry key="StructureDuct">StructureDuct</entry>
<entry key="PowerBreakOn">0.0</entry>
<entry key="StructureMaterial">Steel</entry>
<entry key="TransmissionEfficiency">1.0</entry>
<entry key="Mass">35</entry>
</properties>
