<?xml version="1.0" encoding="UTF-8" standalone="no"?>
<!DOCTYPE properties SYSTEM "http://java.sun.com/dtd/properties.dtd">
<properties>
<comment/>
<entry key="InitialValue_XAxis_Position">0.0</entry>
<entry key="InitialValue_Tank_Temperature">293.15</entry>
<entry key="InitialValue_TankCoolant_Temperature">293.15</entry>
<entry key="InitialValue_Pump_TemperatureFluid">293.15</entry>
<entry key="InitialValue_ZAxis_TemperatureCoolant">293.15</entry>
<entry key="simulationPeriod">1.0</entry>
<entry key="InitialValue_Pump_TemperatureStructure">293.15</entry>
<entry key="initialTemperature.HomogStorage_Kessler_000101561">301.5</entry>
<entry key="InitialValue_Tank_Mass">13.715</entry>
<entry key="InitialValue_Spindle_TemperatureCoolant">293.15</entry>
<entry key="initialTemperature.HomogStorage_Example">293</entry>
<entry key="InitialValue_PumpCF_TemperatureFluid">293.15</entry>
<entry key="InitialValue_TankCF_Mass">170.0</entry>
<entry key="InitialValue_PumpCoolant_TemperatureStructure">293.15</entry>
<entry key="initialTemperature.LayerStorage_SpindleHeatExchanger">301.5</entry>
<entry key="InitialValue_Tailstock_Position">0.0</entry>
<entry key="initialTemperature.LayerStorage_Example">293</entry>
<entry key="InitialValue_TankCF_Temperature">293.15</entry>
<entry key="InitialValue_Tailstock_TemperatureCoolant">293.15</entry>
<entry key="InitialValue_TankCoolant_Mass">13.715</entry>
<entry key="InitialValue_Spindle_TemperatureStructure">293.15</entry>
<entry key="InitialValue_XAxis_TemperatureStructure">293.15</entry>
<entry key="InitialValue_PumpCF_TemperatureStructure">293.15</entry>
<entry key="InitialValue_PumpCoolant_TemperatureFluid">293.15</entry>
<entry key="InitialValue_ZAxis_TemperatureStructure">293.15</entry>
<entry key="InitialValue_Tailstock_TemperatureStructure">293.15</entry>
<entry key="InitialValue_XAxis_TemperatureCoolant">293.15</entry>
<entry key="initialTemperature.HomogStorage_Hyfra_VWK_21_1S">301.5</entry>
<entry key="InitialValue_ZAxis_Position">0.0</entry>
</properties>
