<?xml version="1.0" encoding="UTF-8" standalone="no"?>
<!DOCTYPE properties SYSTEM "http://java.sun.com/dtd/properties.dtd">
<properties>
<comment/>
<entry key="LengthPump">.385</entry>
<entry key="PressureSamples">959535.72, 949843.44, 940151.16, 920766.6, 901382.04, 872305.2, 843228.36, 804459.24, 765690.12, 717228.72, 659075.04, 600921.36, 533075.4, 455537.16, 368306.64</entry>
<entry key="EfficiencySamples">0, 0.09, 0.18, 0.31, 0.42, 0.5, 0.55, 0.575, 0.59, 0.59, 0.58, 0.57, 0.54, 0.5, 0.44</entry>
<entry key="NumberImpellerEyes">1</entry>
<entry key="HasMotorCooling">true</entry>
<entry key="PowerSamples">1000, 1036, 1069.8291162, 1157.177598, 1262.1365796, 1380.3999241, 1504.8643058, 1636.2112637, 1764.2322873, 1886.1012258, 1991.3621284, 2072.3503021, 2130.4343189, 2156.7538606, 2141.2511855</entry>
<entry key="NominalRotSpeed">2900</entry>
<entry key="Material">Motor</entry>
<entry key="MaxTemperatureDifference">27</entry>
<entry key="DiameterPump">.13</entry>
<entry key="MassMotor">30</entry>
<entry key="NumberStages">10</entry>
<entry key="MassFluid">3</entry>
<entry key="IsSubmerged">true</entry>
<entry key="Mass">30</entry>
<entry key="FlowRateSamples">0, 0.000083333, 0.0001667, 0.0003333, 0.0005, 0.0006667, 0.0008333, 0.001, 0.0011667, 0.0013333, 0.0015, 0.0016667, 0.0018333, 0.002, 0.0021667</entry>
<entry key="LengthMotor">.321</entry>
<entry key="DiameterMotor">.178</entry>
</properties>
