<?xml version="1.0" encoding="UTF-8" standalone="no"?>
<!DOCTYPE properties SYSTEM "http://java.sun.com/dtd/properties.dtd">
<properties>
<comment/>
<entry key="NominalFlowRate">0.001667</entry>
<entry key="LengthPump">.1</entry>
<entry key="PressureSamples">135378 125568 115758 105948 88290 66708 37278</entry>
<entry key="EfficiencySamples">0 0.058 0.08 0.095 0.00945 0.09 0.06</entry>
<entry key="NominalPressure">3E5</entry>
<entry key="NumberImpellerEyes">1</entry>
<entry key="HasMotorCooling">true</entry>
<entry key="PowerSamples">625 900 1200 1400 1550 1540 1500</entry>
<entry key="NominalRotSpeed">3275</entry>
<entry key="Material">Steel</entry>
<entry key="MaxTemperatureDifference">25.0</entry>
<entry key="DiameterPump">.1</entry>
<entry key="MassMotor">15</entry>
<entry key="NumberStages">9</entry>
<entry key="MassFluid">3</entry>
<entry key="IsSubmerged">true</entry>
<entry key="FlowRateSamples">0 0.0004166 0.00083 0.00125 0.00166 0.00208 0.0025</entry>
<entry key="LengthMotor">.2</entry>
<entry key="DiameterMotor">.2</entry>
</properties>
