<?xml version="1.0" encoding="UTF-8" standalone="no"?>
<!DOCTYPE properties SYSTEM "http://java.sun.com/dtd/properties.dtd">
<properties>
<comment/>
<entry key="Proc_Sprühkühlmittel">0.0,1.0,0.0,</entry>
<entry key="Proc_ZAchse">0.0,1.0,2.0,</entry>
<entry key="Proc_Spindelinnenkühlung">0.0,1.0E-4,0.0,</entry>
<entry key="Proc_XAchse">1.0E-4,1.0,0.0,</entry>
<entry key="Proc_BAchse">0.0,100.0,200.0,</entry>
<entry key="Proc_Spähneschwemmen">0.0,1.0,0.0,</entry>
<entry key="Time">0.0,10.0,20.0,</entry>
<entry key="Proc_Trommelfilter">0.0,1.0E-4,0.0,</entry>
<entry key="Proc_Spindel">1.0E-4,1.0,1.0E-4,</entry>
<entry key="Proc_YAchse">0.0,1.0,0.0,</entry>
<entry key="Proc_CAchse">1.0,1.0E-4,1.0,</entry>
<entry key="Proc_Spindelkühlmittel">0.0,1.0,0.0,</entry>
</properties>
