<?xml version="1.0" encoding="UTF-8" standalone="no"?>
<!DOCTYPE properties SYSTEM "http://java.sun.com/dtd/properties.dtd">
<properties>
<comment/>
<entry key="InitialValue_CAchse_TemperatureCoolant">293.15</entry>
<entry key="InitialValue_PumpeSpäneEntfernen_TemperatureStructure">293.15</entry>
<entry key="InitialValue_KühlungKernY1Achse_TemperatureStructure">293.15</entry>
<entry key="InitialValue_KühlungKernY1Achse_Position">0.0</entry>
<entry key="InitialValue_Z2Achse_TemperatureStructure">293.15</entry>
<entry key="InitialValue_KühlungCAchse_TemperatureStructure">293.15</entry>
<entry key="simulationPeriod">1.0</entry>
<entry key="InitialValue_PumpeTrommelfilter_TemperatureFluid">293.15</entry>
<entry key="InitialValue_PumpeSindelkühlmittel1_TemperatureFluid">293.15</entry>
<entry key="InitialValue_TankKühlöl_Mass">20.549052000000003</entry>
<entry key="InitialValue_Y2Achse_Position">0.0</entry>
<entry key="InitialValue_Spindelkühlmittelpumpe1_TemperatureStructure">293.15</entry>
<entry key="InitialValue_Y1Achse_TemperatureCoolant">293.15</entry>
<entry key="InitialValue_KühlungKernXAchse_Position">0.0</entry>
<entry key="InitialValue_PumpeSpäneEntfernen_TemperatureFluid">293.15</entry>
<entry key="InitialValue_PumpeSpindelinnenkühlung_TemperatureFluid">293.15</entry>
<entry key="InitialValue_KühlungKernY1Achse_TemperatureCoolant">293.15</entry>
<entry key="InitialValue_KühlungKernZ1Achse_TemperatureStructure">293.15</entry>
<entry key="InitialValue_Y1Achse_TemperatureStructure">293.15</entry>
<entry key="InitialValue_Spindelkühlmittelpumpe1_TemperatureFluid">293.15</entry>
<entry key="InitialValue_KühlungKernXAchse_TemperatureStructure">293.15</entry>
<entry key="InitialValue_BAchse_TemperatureCoolant">293.15</entry>
<entry key="InitialValue_XAchse_TemperatureStructure">293.15</entry>
<entry key="InitialValue_PumpeSprühkühlmittel_TemperatureStructure">293.15</entry>
<entry key="InitialValue_BAchse_Angle">0.0</entry>
<entry key="InitialValue_PumpeKühlölRotachsen_TemperatureFluid">293.15</entry>
<entry key="InitialValue_Spindel_TemperatureCoolant">293.15</entry>
<entry key="InitialValue_1_5MPa_Spindelinnenkühlung_TemperatureStructure">293.15</entry>
<entry key="InitialValue_BAchse_TemperatureStructure">293.15</entry>
<entry key="InitialValue_Z1Achse_TemperatureStructure">293.15</entry>
<entry key="InitialValue_TankKühlÖlRotachsen_Mass">20.549052000000003</entry>
<entry key="InitialValue_PumpeSpindelinnenkühlung_TemperatureStructure">293.15</entry>
<entry key="InitialValue_KühlungKernZ2Achse_Position">0.0</entry>
<entry key="InitialValue_Z1Achse_Position">0.0</entry>
<entry key="InitialValue_Z2Achse_TemperatureCoolant">293.15</entry>
<entry key="InitialValue_PumpeÖltemperaturregler_TemperatureFluid">293.15</entry>
<entry key="InitialValue_KühlungBAchse_TemperatureStructure">293.15</entry>
<entry key="InitialValue_Y1Achse_Position">0.0</entry>
<entry key="InitialValue_KühlungKernZ2Achse_TemperatureCoolant">293.15</entry>
<entry key="InitialValue_TankKühlÖlRotachsen_Temperature">293.15</entry>
<entry key="InitialValue_KühlungBAchse_Angle">0.0</entry>
<entry key="InitialValue_CAchse_Angle">0.0</entry>
<entry key="InitialValue_XAchse_TemperatureCoolant">293.15</entry>
<entry key="InitialValue_KühlungKernXAchse_TemperatureCoolant">293.15</entry>
<entry key="InitialValue_Spindel_TemperatureStructure">293.15</entry>
<entry key="InitialValue_KühlungKernY2Achse_Position">0.0</entry>
<entry key="InitialValue_Sprühkühlmittelpumpe_TemperatureFluid">293.15</entry>
<entry key="InitialValue_KühlungCAchse_TemperatureCoolant">293.15</entry>
<entry key="InitialValue_KühlungKernY2Achse_TemperatureStructure">293.15</entry>
<entry key="InitialValue_PumpeSindelkühlmittel1_TemperatureStructure">293.15</entry>
<entry key="InitialValue_LeitungEntfernenSpänen_Temperature">293.15</entry>
<entry key="InitialValue_PumpeSprühkühlmittel_TemperatureFluid">293.15</entry>
<entry key="InitialValue_Z1Achse_TemperatureCoolant">293.15</entry>
<entry key="InitialValue_TankKühlmittel_Mass">640.5353500000001</entry>
<entry key="InitialValue_PumpeÖltemperaturregler_TemperatureStructure">293.15</entry>
<entry key="InitialValue_1_5MPa_Spindelinnenkühlung_TemperatureFluid">293.15</entry>
<entry key="InitialValue_KühlungCAchse_Angle">0.0</entry>
<entry key="InitialValue_KühlungKernZ1Achse_TemperatureCoolant">293.15</entry>
<entry key="InitialValue_TankKühlmittel_Temperature">293.15</entry>
<entry key="InitialValue_Y2Achse_TemperatureCoolant">293.15</entry>
<entry key="InitialValue_KühlungKernZ2Achse_TemperatureStructure">293.15</entry>
<entry key="InitialValue_Y2Achse_TemperatureStructure">293.15</entry>
<entry key="InitialValue_PumpeKühlölRotachsen_TemperatureStructure">293.15</entry>
<entry key="InitialValue_Sprühkühlmittelpumpe_TemperatureStructure">293.15</entry>
<entry key="InitialValue_KabelträgerxyzAchseSpindelkühlung_Temperature">293.15</entry>
<entry key="InitialValue_KühlungKernY2Achse_TemperatureCoolant">293.15</entry>
<entry key="InitialValue_PumpeTrommelfilter_TemperatureStructure">293.15</entry>
<entry key="InitialValue_CAchse_TemperatureStructure">293.15</entry>
<entry key="InitialValue_Z2Achse_Position">0.0</entry>
<entry key="InitialValue_TankKühlöl_Temperature">293.15</entry>
<entry key="InitialValue_KühlungBAchse_TemperatureCoolant">293.15</entry>
<entry key="InitialValue_XAchse_Position">0.0</entry>
<entry key="InitialValue_KühlungKernZ1Achse_Position">0.0</entry>
</properties>
