<?xml version="1.0" encoding="UTF-8" standalone="no"?>
<!DOCTYPE properties SYSTEM "http://java.sun.com/dtd/properties.dtd">
<properties>
    <comment>
    Model parameter definition
    ==========================
      Model : Valve 
      Type  : Example
    Parameters
    ----------
      ElectricPower [W]
        TODO
      PressureLossCoefficient [-]
        TODO
      Area [m2]
        TODO
  </comment>
  <entry key="ElectricPower">8</entry>
  <entry key="PressureLossCoefficient">0.1</entry>
  <entry key="Area">100E-6</entry>
</properties>
