<?xml version="1.0" encoding="UTF-8" standalone="no"?>
<!DOCTYPE properties SYSTEM "http://java.sun.com/dtd/properties.dtd">
<properties>
<comment/>
<entry key="Alpha">90.0 deg</entry>
<entry key="Transmission">0.015 m/rev</entry>
<entry key="PowerBreakOff">50.0 W</entry>
<entry key="StructureMass">100.0</entry>
<entry key="MotorType">MotorDC_FanucAlpha22_3000i</entry>
<entry key="StructureDuct">StructureDuct</entry>
<entry key="PowerBreakOn">0.0 W</entry>
<entry key="StructureMaterial">Steel</entry>
<entry key="TransmissionEfficiency">0.5</entry>
<entry key="Mass">200.0 kg</entry>
</properties>
