<?xml version="1.0" encoding="UTF-8" standalone="no"?>
<!DOCTYPE properties SYSTEM "http://java.sun.com/dtd/properties.dtd">
<properties>
<comment/>
<entry key="Alpha">0.0 deg</entry>
<entry key="Transmission">0.05 m/rev</entry>
<entry key="PowerBreakOff">0.0 W</entry>
<entry key="StructureMass">100.0</entry>
<entry key="MotorType">MotorDC_Example</entry>
<entry key="BearingType">Example, Example</entry>
<entry key="StructureDuct">StructureDuct</entry>
<entry key="PowerBreakOn">0.0 W</entry>
<entry key="StructureMaterial">Steel</entry>
<entry key="TransmissionEfficiency">0.9</entry>
<entry key="Mass">10.0 kg</entry>
</properties>
