<?xml version="1.0" encoding="UTF-8" standalone="no"?>
<!DOCTYPE properties SYSTEM "http://java.sun.com/dtd/properties.dtd">
<properties>
<comment/>
<entry key="Alpha">90.0 deg (!)</entry>
<entry key="Transmission">0.05 m/rev (!)</entry>
<entry key="PowerBreakOff">0.0 W</entry>
<entry key="StructureMass">4.3</entry>
<entry key="MotorType">MotorDC_FanucAlphaiS4_5000</entry>
<entry key="StructureDuct">StructureDuct</entry>
<entry key="PowerBreakOn">0.0 W</entry>
<entry key="StructureMaterial">Motor</entry>
<entry key="TransmissionEfficiency">1.0</entry>
<entry key="Mass">305.0 kg</entry>
</properties>
