<?xml version="1.0" encoding="UTF-8" standalone="no"?>
<!DOCTYPE properties SYSTEM "http://java.sun.com/dtd/properties.dtd">
<properties>
  <comment>
    Model parameter definition
    ==========================
      Model : CompressedFluid 
      Type  : Air 10 bar
    Parameters
    ----------
      Density [kg/m3]
        density of the fluid under ambient conditions
      HeatCapacity [J/kg/K]
        internal heat capacity of the fluid
      IsentropicCoefficient [-]
        isentropic coefficent of the fluid
      SupplyPressure [Pa]
        pressure of the fluid in the supply
  </comment>
  <entry key="Density">1.2</entry>
  <entry key="HeatCapacity">1005</entry>
  <entry key="IsentropicCoefficient">1.4</entry>
  <entry key="SupplyPressure">1000000</entry>
</properties>
