<?xml version="1.0" encoding="UTF-8" standalone="no"?>
<!DOCTYPE properties SYSTEM "http://java.sun.com/dtd/properties.dtd">
<properties>
  <comment>
    Model parameter definition
    ==========================
      Model : Fan 
      Type  : Pfannenber PF 3000
    Parameters
    ----------
      DensityFluid [kg/m3]
        density of the moved fluid at steady state
      PowerRef [W]
        Reference electrical power
      VoluminalFlowRef [m3/s]
        Reference voluminal flow
        @P=PowerRef
      PressureRef [Pa]
        Reference pressure
  </comment>
  <entry key="DensityFluid">1.2</entry>
  <entry key="PowerRef">45</entry>
  <entry key="VoluminalFlowRef">.064</entry>
  <entry key="PressureRef">104</entry>
</properties>
