<?xml version="1.0" encoding="UTF-8" standalone="no"?>
<!DOCTYPE properties SYSTEM "http://java.sun.com/dtd/properties.dtd">
<properties>
  <comment>
    Layer Storage
  </comment>
  <entry key="thermal.Mass">0.5</entry>
  <entry key="thermal.HeatCapacity">4180</entry>
  <entry key="thermal.Surface">0.01</entry>
  <entry key="thermal.ConvectionConstant">500</entry>
  <entry key="thermal.ConductionConstant">400</entry>
  <entry key="thermal.WallThickness">0.001</entry>
  <entry key="thermal.NumberOfElements">2</entry>
  <entry key="thermal.InitialTemperature">300</entry>
</properties>
