<?xml version="1.0" encoding="UTF-8" standalone="no"?>
<!DOCTYPE properties SYSTEM "http://java.sun.com/dtd/properties.dtd">
<properties>
<comment/>
<entry key="TemperatureSamples">293.0, 303.0, 313.0, 323.0, 333.0 K</entry>
<entry key="ThermalConductivity">0.127 m kg s^-3 K^-1</entry>
<entry key="ViscositySamples">0.119, 0.067, 0.04, 0.026, 0.018 m^-1 kg s^-1</entry>
<entry key="HeatCapacity">1885.0 kg^-1 s K^-1</entry>
<entry key="DensityMatrix">878.0, 874.6, 870.3, 867.0, 864.6 m^-3 kg</entry>
</properties>
