<?xml version="1.0" encoding="UTF-8" standalone="no"?>
<!DOCTYPE properties SYSTEM "http://java.sun.com/dtd/properties.dtd">
<properties>
<comment/>
<entry key="TransmissionType">Example</entry>
<entry key="Inertia">1.0 m^2 kg</entry>
<entry key="PowerBreakOff">0.0 W</entry>
<entry key="StructureMass">100.0 kg</entry>
<entry key="MotorType">MotorDC_Example</entry>
<entry key="BearingType">Example, Example</entry>
<entry key="StructureDuct">StructureDuct</entry>
<entry key="Lever">0.1 m</entry>
<entry key="PowerBreakOn">0.0 W</entry>
<entry key="StructureMaterial">Steel</entry>
<entry key="Mass">100.0 kg</entry>
</properties>
