<?xml version="1.0" encoding="UTF-8" standalone="no"?>
<!DOCTYPE properties SYSTEM "http://java.sun.com/dtd/properties.dtd">
<properties>
<comment/>
<entry key="Alpha">0</entry>
<entry key="Transmission">.050</entry>
<entry key="PowerBreakOff">0.0</entry>
<entry key="StructureMass">100</entry>
<entry key="MotorType">MotorDC_Example</entry>
<entry key="StructureDuct">StructureDuct</entry>
<entry key="PowerBreakOn">0.0</entry>
<entry key="StructureMaterial">Steel</entry>
<entry key="Mass">10</entry>
<entry key="BearingType">Example, Example</entry>
<entry key="TransmissionEfficiency">.9</entry>
</properties>
