<?xml version="1.0" encoding="UTF-8" standalone="no"?>
<!DOCTYPE properties SYSTEM "http://java.sun.com/dtd/properties.dtd">
<properties>
  <comment>
    Model parameter definition
    ==========================
      Model : Cylinder 
      Type  : Example
    Parameters
    ----------
      PistonThickness [m]
        TODO
      PistonDiameter [m]
        TODO
      CylinderStroke [m]
        TODO
      Hydraulic-mechanic efficiency
      	TODO
  </comment>
  <entry key="PistonDiameter">0.05</entry>
  <entry key="PistonThickness">0.01</entry>
  <entry key="CylinderStroke">0.5</entry>
  <entry key="Efficiency">0.95</entry>
  <entry key="PistonRodDiameter">0.02</entry>
  <entry key="CylinderType">1</entry>
  <entry key="ConnectionDiameter">.02</entry>
  <entry key="StructuralMass">10</entry>
  <entry key="StructureMaterial">Steel</entry>
</properties>
