<?xml version="1.0" encoding="UTF-8" standalone="yes"?>
<ns2:duct xmlns:ns2="ch.ethz.inspire.emod">
    <material>
        <type>GlykolWater_30</type>
    </material>
    <name>RotAxis_MoriSeiki_NMV5000_BAxis_StructureDuct</name>
    <elements>
        <elements xsi:type="ductHelix" xmlns:xsi="http://www.w3.org/2001/XMLSchema-instance">
            <heatSource>NaN</heatSource>
            <wallTemperature>NaN</wallTemperature>
            <name>Helix</name>
            <profile xsi:type="hpRectangular">
                <height>0.003</height>
                <width>0.015</width>
            </profile>
            <radius>0.25</radius>
            <height>0.15</height>
            <distance>0.05</distance>
        </elements>
    </elements>
</ns2:duct>
