<?xml version="1.0" encoding="UTF-8" standalone="no"?>
<!DOCTYPE properties SYSTEM "http://java.sun.com/dtd/properties.dtd">
<properties>
<comment/>
<entry key="InitialValue_PumpHE_TemperatureFluid">293.15</entry>
<entry key="InitialValue_Cylinder_Position">0.0</entry>
<entry key="InitialValue_AxisX_TemperatureStructure">293.15</entry>
<entry key="InitialValue_AxisY_TemperatureStructure">293.15</entry>
<entry key="InitialValue_AxisZ_TemperatureCoolant">293.15</entry>
<entry key="InitialValue_PumpCoolant_TemperatureStructure">293.15</entry>
<entry key="InitialValue_Spindle_TemperatureCoolant">293.15</entry>
<entry key="InitialValue_AxisZ_TemperatureStructure">293.15</entry>
<entry key="InitialValue_Tank_Mass">236.64</entry>
<entry key="InitialValue_Tank_Temperature">293.15</entry>
<entry key="InitialValue_AxisY_TemperatureCoolant">293.15</entry>
<entry key="InitialValue_PumpHydraulics_TemperatureStructure">293.15</entry>
<entry key="InitialValue_AxisX_TemperatureCoolant">293.15</entry>
<entry key="InitialValue_AxisX_Position">0.0</entry>
<entry key="InitialValue_AxisC_Angle">0.0</entry>
<entry key="InitialValue_AxisB_Angle">0.0</entry>
<entry key="InitialValue_AxisA_Angle">0.0</entry>
<entry key="InitialValue_HeatExchanger_Temperature2">293.15</entry>
<entry key="InitialValue_HeatExchanger_Temperature1">293.15</entry>
<entry key="InitialValue_PumpHE_TemperatureStructure">293.15</entry>
<entry key="InitialValue_PumpCoolant_TemperatureFluid">293.15</entry>
<entry key="InitialValue_PumpHydraulics_TemperatureFluid">293.15</entry>
<entry key="InitialValue_AxisA_TemperatureStructure">293.15</entry>
<entry key="simulationPeriod">1.0</entry>
<entry key="InitialValue_TankHydraulic_Temperature">293.15</entry>
<entry key="InitialValue_AxisY_Position">0.0</entry>
<entry key="InitialValue_AxisB_TemperatureStructure">293.15</entry>
<entry key="InitialValue_AxisC_TemperatureStructure">293.15</entry>
<entry key="InitialValue_Spindle_TemperatureStructure">293.15</entry>
<entry key="InitialValue_Cylinder_TemperatureFluid">293.15</entry>
<entry key="InitialValue_AxisC_TemperatureCoolant">293.15</entry>
<entry key="InitialValue_LinAxis_Position">0.0</entry>
<entry key="InitialValue_LinAxis_TemperatureCoolant">293.15</entry>
<entry key="InitialValue_AxisZ_Position">0.0</entry>
<entry key="InitialValue_AxisB_TemperatureCoolant">293.15</entry>
<entry key="InitialValue_Cylinder_TemperatureStructure">293.15</entry>
<entry key="InitialValue_AxisA_TemperatureCoolant">293.15</entry>
<entry key="InitialValue_TankHydraulic_Mass">11.799634560000001</entry>
<entry key="InitialValue_LinAxis_TemperatureStructure">293.15</entry>
</properties>
