<?xml version="1.0" encoding="UTF-8" standalone="yes"?>
<ns2:duct xmlns:ns2="ch.ethz.inspire.emod">
    <material>
        <type>GlykolWater_30</type>
    </material>
    <name>RotAxis_MoriSeiki_NVM5000_BAxis</name>
    <elements>
        <elements xsi:type="ductDrilling" xmlns:xsi="http://www.w3.org/2001/XMLSchema-instance">
            <name>Drilling</name>
            <profile xsi:type="hpCircular">
                <radius>0.01</radius>
            </profile>
            <length>0.3</length>
            <count>1.0</count>
        </elements>
    </elements>
</ns2:duct>
