<?xml version="1.0" encoding="UTF-8" standalone="no"?>
<!DOCTYPE properties SYSTEM "http://java.sun.com/dtd/properties.dtd">
<properties>
<comment/>
<entry key="StructureMaterial">Steel</entry>
<entry key="BearingType">Example,Example,Example</entry>
<entry key="StructureMass">30.0 kg</entry>
<entry key="StructureDuct">StructureDuct</entry>
<entry key="PreloadForce">944.0, 944.0, 944.0 N</entry>
<entry key="MotorType">MotorAC_Example</entry>
<entry key="AirGapFrictionCoeff">0.0, 0.0 none</entry>
</properties>
