<?xml version="1.0" encoding="UTF-8" standalone="no"?>
<!DOCTYPE properties SYSTEM "http://java.sun.com/dtd/properties.dtd">
<properties>
  <comment>
    Model parameter definition
    ==========================
      Model : Amplifier 
      Type  : Example
    Parameters
    ----------
      PowerSamples [W]
        Vector of power samples
      Efficency [-]
        Vector of corresponding efficencies
      PowerLossStatic [W]
	    Static power demand if no electrical power is consumed
  </comment>
  <entry key="PowerSamples">1 10000</entry>
  <entry key="Efficiency">0.95 1</entry>
  <entry key="PowerCtrl">10</entry>
</properties>
