<?xml version="1.0" encoding="UTF-8" standalone="no"?>
<!DOCTYPE properties SYSTEM "http://java.sun.com/dtd/properties.dtd">
<properties>
  <comment>
    Model parameter definition
    ==========================
      Model : Pump 
      Type  : NDM200
    Parameters
    ----------
      PressureSamples [Pa]
        Array of operation points for the pump
	  FlowRateSamples [m^3/s]
		Array of corresponding flow rate to the given pressure samples
      ElectricalPower [W]
      	Electrical power of the pump if running
      Mass [kg]
      	Structural mass
      Material [-]
      	Structural material
      EfficiencySamples [-]
      	Pump efficiency samples
      
  </comment>

  <entry key="PressureSamples">7000000; 6800000; 2000000;</entry>
  <entry key="FlowRateSamples">0; 0.000021; 0.0000224</entry>
  <entry key="PowerSamples">650; 2500; 800</entry>
  <entry key="EfficiencySamples">0 .4 .3</entry>
  
  
<entry key="MassFluid">3</entry>
<entry key="MassMotor">15</entry>
<entry key="HasMotorCooling">1</entry>
<entry key="IsSubmerged">0</entry>
<entry key="DiameterPump">.1</entry>
<entry key="LengthPump">.1</entry>
<entry key="DiameterMotor">.2</entry>
<entry key="LengthMotor">.2</entry>
<entry key="NominalRotSpeed">1500</entry>
<entry key="NumberImpellerEyes">1</entry>
<entry key="NumberStages">1</entry>
<entry key="NominalFlowRate">0.000021/entry>
<entry key="NominalPressure">6800000</entry>
</properties>
