<?xml version="1.0" encoding="UTF-8" standalone="no"?>
<!DOCTYPE properties SYSTEM "http://java.sun.com/dtd/properties.dtd">
<properties>
	<comment>
		General simulation config file.
	</comment>
	<entry key="simulationPeriod">1</entry>
	<entry key="initialTemperature.HomogStorage_Cabinett">299.7</entry>
	<entry key="initialTemperature.HomogStorage_Fanuc">299.7</entry>
	<entry key="initialTemperature.LayerStorage_SpindleHeatExchanger">305</entry>
	<entry key="initialTemperature.HomogStorage_Kessler_000101561">305</entry>
	<entry key="initialTemperature.HomogStorage_Hyfra_VWK_21_1S">303.8</entry>
</properties>