<?xml version="1.0" encoding="UTF-8" standalone="no"?>
<!DOCTYPE properties SYSTEM "http://java.sun.com/dtd/properties.dtd">
<properties>
<comment/>
<entry key="PolePairs">1.0</entry>
<entry key="RatedFrequency">200.0 Hz</entry>
<entry key="InductanceRotor">0.00177 H</entry>
<entry key="InductanceMutal">0.03873 H</entry>
<entry key="RatedVoltage">400.0 V</entry>
<entry key="ResistanceStator">0.51 Ohm</entry>
<entry key="InductanceStator">0.00158 H</entry>
<entry key="MaxVoltage">400.0 V</entry>
<entry key="ResistanceRotor">0.412 Ohm</entry>
</properties>
