<?xml version="1.0" encoding="UTF-8" standalone="no"?>
<!DOCTYPE properties SYSTEM "http://java.sun.com/dtd/properties.dtd">
<properties>
<comment/>
<entry key="PolePairs">2.0</entry>
<entry key="RatedFrequency">54.4 Hz</entry>
<entry key="InductanceRotor">0.001164 H</entry>
<entry key="InductanceMutal">0.02755 H</entry>
<entry key="RatedVoltage">295.0 V</entry>
<entry key="ResistanceStator">0.74 Ohm</entry>
<entry key="InductanceStator">0.001425 H</entry>
<entry key="MaxVoltage">295.0 V</entry>
<entry key="ResistanceRotor">0.627 Ohm</entry>
</properties>
