<?xml version="1.0" encoding="UTF-8" standalone="no"?>
<!DOCTYPE properties SYSTEM "http://java.sun.com/dtd/properties.dtd">
<properties>
<comment/>
<entry key="PolePairs">2.0</entry>
<entry key="RatedFrequency">500.0 Hz</entry>
<entry key="InductanceRotor">2.67E-4 H</entry>
<entry key="InductanceMutal">0.00407 H</entry>
<entry key="RatedVoltage">330.0 V</entry>
<entry key="ResistanceStator">0.114 Ohm</entry>
<entry key="InductanceStator">1.77E-4 H</entry>
<entry key="MaxVoltage">380.0 V</entry>
<entry key="ResistanceRotor">0.107 Ohm</entry>
</properties>
