<?xml version="1.0" encoding="UTF-8" standalone="no"?>
<!DOCTYPE properties SYSTEM "http://java.sun.com/dtd/properties.dtd">
<properties>
<comment/>
<entry key="LengthPump">0.385 m</entry>
<entry key="PressureSamples">959536.0, 949843.0, 940151.0, 920767.0, 901382.0, 872305.0, 843228.0, 804459.0, 765690.0, 717229.0, 659075.0, 600921.0, 533075.0, 455537.0, 368307.0 Pa</entry>
<entry key="EfficiencySamples">0.0, 0.09, 0.172, 0.312, 0.42, 0.496, 0.549, 0.578, 0.597, 0.596, 0.584, 0.569, 0.54, 0.497, 0.438 none</entry>
<entry key="NumberImpellerEyes">1</entry>
<entry key="HasMotorCooling">true</entry>
<entry key="PowerSamples">997.0, 1036.0, 1070.0, 1157.0, 1262.0, 1380.0, 1505.0, 1636.0, 1764.0, 1886.0, 1991.0, 2072.0, 2130.0, 2157.0, 2141.0 W</entry>
<entry key="NominalRotSpeed">2000.0 RPM (!)</entry>
<entry key="Material">Motor</entry>
<entry key="MaxTemperatureDifference">27.0</entry>
<entry key="DiameterPump">0.13 m</entry>
<entry key="MassMotor">30.0 kg</entry>
<entry key="NumberStages">10</entry>
<entry key="MassFluid">3.0 kg</entry>
<entry key="IsSubmerged">true</entry>
<entry key="Mass">30.0</entry>
<entry key="FlowRateSamples">0.0, 8.3E-5, 1.67E-4, 3.33E-4, 5.0E-4, 6.67E-4, 8.33E-4, 0.001, 0.001167, 0.001333, 0.0015, 0.001667, 0.001833, 0.002, 0.002167 m³/s</entry>
<entry key="LengthMotor">0.321 m</entry>
<entry key="DiameterMotor">0.178 m</entry>
</properties>
