<?xml version="1.0" encoding="UTF-8" standalone="no"?>
<!DOCTYPE properties SYSTEM "http://java.sun.com/dtd/properties.dtd">
<properties>
<comment/>
<entry key="LengthPump">0.099 m</entry>
<entry key="PressureSamples">2.75E7, 2.5E7, 2.25E7, 2.0E7, 1.75E7, 1.5E7, 1.25E7, 1.0E7, 7500000.0, 5000000.0, 2500000.0, 0.0 Pa</entry>
<entry key="EfficiencySamples">0.47, 0.464, 0.464, 0.458, 0.452, 0.446, 0.434, 0.422, 0.392, 0.351, 0.262, 0.0 none</entry>
<entry key="NumberImpellerEyes">0</entry>
<entry key="HasMotorCooling">true</entry>
<entry key="PowerSamples">1291.0, 1184.0, 1077.0, 969.0, 862.0, 755.0, 648.0, 540.0, 433.0, 325.0, 218.0, 110.0 W</entry>
<entry key="NominalRotSpeed">1500.0 RPM (!)</entry>
<entry key="Material">Steel</entry>
<entry key="MaxTemperatureDifference">25.0</entry>
<entry key="DiameterPump">0.068 m</entry>
<entry key="MassMotor">15.0 kg</entry>
<entry key="NumberStages">0</entry>
<entry key="MassFluid">3.0 kg</entry>
<entry key="IsSubmerged">true</entry>
<entry key="Mass">7.5</entry>
<entry key="FlowRateSamples">2.32E-5, 2.33E-5, 2.34E-5, 2.35E-5, 2.36E-5, 2.37E-5, 2.39E-5, 2.4E-5, 2.405E-5, 2.41E-5, 2.43E-5, 2.44E-5 m³/s</entry>
<entry key="LengthMotor">0.15 m</entry>
<entry key="DiameterMotor">0.12 m</entry>
</properties>
