<?xml version="1.0" encoding="UTF-8" standalone="no"?>
<!DOCTYPE properties SYSTEM "http://java.sun.com/dtd/properties.dtd">
<properties>
<comment/>
<entry key="READY_state">CONTROLLED</entry>
<entry key="CONTROLLED">40</entry>
<entry key="OFF">0</entry>
<entry key="READY">0</entry>
<entry key="ap_name">X1_ap</entry>
<entry key="n_name">C1_n</entry>
<entry key="v_name">Z1_v</entry>
<entry key="ON">1</entry>
<entry key="OFF_state">OFF</entry>
<entry key="STANDBY_state">STANDBY</entry>
<entry key="kc">1768</entry>
<entry key="z">.31</entry>
<entry key="kappa">85</entry>
<entry key="samplePeriod">1</entry>
<entry key="STANDBY">30</entry>
<entry key="ON_state">ON</entry>
<entry key="PERIODIC">50</entry>
<entry key="d_name">X1_d</entry>
<entry key="PROCESS_state">CONTROLLED</entry>
</properties>
